sheet,chain,co_owned,state,southj,centralj,northj,pa1,pa2,shore,ncalls,empft,emppt,nmgrs,wage_st,inctime,firstinc,bonus,pctaff,meals,open,hrsopen,psoda,pfry,pentree,nregs,nregs11,type2,status2,date2,ncalls2,empft2,emppt2,nmgrs2,wage_st2,inctime2,firstinc2,special2,meals2,open2r,hrsopen2,psoda2,pfry2,pentree2,nregs2,nregs112,fte,fte2,delta_fte
46,1,0,0,0,0,0,1,0,0,0,30.0,15.0,3.0,,19.0,,1,,2,6.5,16.5,1.03,1.03,0.52,3.0,3.0,1,1,111792,1.0,3.5,35.0,3.0,4.3,26.0,0.08,1.0,2.0,6.5,16.5,1.03,,0.94,4.0,4.0,40.5,24.0,-16.5
49,2,0,0,0,0,0,1,0,0,0,6.5,6.5,4.0,,26.0,,0,,2,10.0,13.0,1.01,0.9,2.35,4.0,3.0,1,1,111292,,0.0,15.0,4.0,4.45,13.0,0.05,0.0,2.0,10.0,13.0,1.01,0.89,2.35,4.0,4.0,13.75,11.5,-2.25
506,2,1,0,0,0,0,1,0,0,0,3.0,7.0,2.0,,13.0,0.37,0,30.0,2,11.0,10.0,0.95,0.74,2.33,3.0,3.0,1,1,111292,,3.0,7.0,4.0,5.0,19.0,0.25,,1.0,11.0,11.0,0.95,0.74,2.33,4.0,3.0,8.5,10.5,2.0
56,4,1,0,0,0,0,1,0,0,0,20.0,20.0,4.0,5.0,26.0,0.1,1,0.0,2,10.0,12.0,0.87,0.82,1.79,2.0,2.0,1,1,111492,,0.0,36.0,2.0,5.25,26.0,0.15,0.0,2.0,10.0,12.0,0.92,0.79,0.87,2.0,2.0,34.0,20.0,-14.0
61,4,1,0,0,0,0,1,0,0,0,6.0,26.0,5.0,5.5,52.0,0.15,1,0.0,3,10.0,12.0,0.87,0.77,1.65,2.0,2.0,1,1,111492,,28.0,3.0,6.0,4.75,13.0,0.15,0.0,2.0,10.0,12.0,1.01,0.84,0.95,2.0,2.0,24.0,35.5,11.5
62,4,1,0,0,0,0,1,0,0,2,0.0,31.0,5.0,5.0,26.0,0.07,0,45.0,2,10.0,12.0,0.87,0.77,0.95,2.0,2.0,1,1,111492,,,,,,26.0,,0.0,2.0,10.0,12.0,,0.84,1.79,3.0,3.0,20.5,,
445,1,0,0,0,0,0,0,1,0,0,50.0,35.0,3.0,5.0,26.0,0.1,0,0.0,2,6.0,18.0,1.04,0.88,0.94,3.0,3.0,1,1,110792,,15.0,18.0,5.0,4.75,26.0,0.15,0.0,2.0,6.0,18.0,1.04,0.86,0.94,3.0,3.0,70.5,29.0,-41.5
451,1,0,0,0,0,0,0,1,0,0,10.0,17.0,5.0,5.0,52.0,0.25,0,0.0,2,0.0,24.0,1.05,0.84,0.96,6.0,4.0,1,1,111792,2.0,26.0,9.0,6.0,5.0,26.0,0.2,0.0,2.0,0.0,24.0,1.11,0.84,0.94,6.0,3.0,23.5,36.5,13.0
455,2,1,0,0,0,0,0,1,0,0,2.0,8.0,5.0,5.25,13.0,0.25,0,0.0,1,11.0,10.0,0.73,0.73,2.32,2.0,2.0,1,1,111292,,3.0,12.0,2.0,5.0,13.0,0.25,0.0,2.0,11.0,11.0,0.94,0.84,2.32,4.0,3.0,11.0,11.0,0.0
458,2,1,0,0,0,0,1,0,0,2,2.0,10.0,2.0,5.0,19.0,0.15,0,0.0,1,11.0,10.0,0.94,0.73,2.32,4.0,4.0,1,1,111792,1.0,2.0,9.0,2.0,5.0,13.0,0.25,0.0,1.0,11.0,10.5,0.9,0.73,2.32,4.0,3.0,9.0,8.5,-0.5
462,3,1,0,0,0,0,0,1,0,0,2.5,20.0,3.0,5.0,13.0,0.37,1,5.0,2,9.0,12.5,1.05,1.01,1.11,4.0,4.0,2,1,122292,1.0,1.0,25.0,4.0,4.75,13.0,0.2,0.0,2.0,9.0,12.0,1.01,1.01,0.89,6.0,3.0,15.5,17.5,2.0
468,1,0,0,0,0,0,0,1,0,0,40.0,30.0,3.0,5.0,13.0,0.17,0,0.0,2,6.0,18.0,0.95,0.94,0.95,4.0,3.0,1,1,110792,,9.0,32.0,4.0,5.0,26.0,0.13,1.0,2.0,6.0,18.0,0.97,0.84,0.86,4.0,3.0,58.0,29.0,-29.0
469,1,0,0,0,0,0,0,1,0,0,8.0,27.0,5.0,5.0,39.0,0.25,0,80.0,2,6.0,18.0,0.92,0.72,0.96,3.0,2.0,1,1,111692,1.0,7.0,39.0,4.0,4.5,41.0,0.23,0.0,2.0,6.0,18.0,0.92,0.81,0.87,3.0,3.0,26.5,30.5,4.0
470,1,0,0,0,0,0,0,1,0,0,10.5,30.0,3.0,5.5,,0.3,0,0.0,2,6.0,18.0,0.97,0.84,0.94,3.0,3.0,1,1,111792,2.0,18.0,10.0,3.0,4.75,13.0,0.15,1.0,2.0,6.0,18.0,1.03,0.84,0.94,3.0,2.0,28.5,26.0,-2.5
474,1,0,0,0,0,0,0,1,0,2,6.0,9.0,3.0,5.0,26.0,0.37,0,0.0,2,9.0,12.5,1.13,0.98,1.01,3.0,1.0,2,1,122292,1.0,5.0,20.0,3.0,4.5,,0.0,0.0,2.0,8.5,13.0,1.09,0.94,0.94,3.0,2.0,13.5,18.0,4.5
481,2,1,0,0,0,0,0,1,0,2,5.0,17.5,3.0,5.25,26.0,0.25,1,0.0,3,11.0,10.0,0.95,0.74,2.53,5.0,4.0,1,1,111792,2.0,15.0,4.0,3.0,5.0,26.0,0.25,1.0,2.0,11.0,11.0,0.74,0.73,2.53,3.0,3.0,16.75,20.0,3.25
483,2,1,0,0,0,0,0,1,0,0,1.0,15.0,1.0,5.0,13.0,0.07,1,0.0,2,11.0,10.0,0.94,0.73,2.32,4.0,3.0,1,1,111292,,4.0,13.0,3.0,4.75,13.0,0.18,0.0,1.0,11.0,11.0,0.95,0.74,2.33,4.0,3.0,9.5,13.5,4.0
487,3,1,0,0,0,0,0,1,0,0,10.0,6.0,2.0,5.0,13.0,0.17,1,0.0,2,10.0,11.5,1.11,0.91,0.95,6.0,3.0,1,1,111192,,6.0,20.0,3.0,4.75,26.0,0.1,0.0,2.0,10.5,11.0,1.05,1.01,0.94,6.0,1.0,15.0,19.0,4.0
488,3,0,0,0,0,0,0,1,0,1,20.0,13.0,3.0,5.0,13.0,0.25,1,0.0,2,6.0,16.0,1.05,0.79,1.01,5.0,5.0,1,1,111192,,5.0,15.0,3.0,4.75,26.0,0.13,0.0,2.0,7.0,15.0,1.01,1.01,0.94,5.0,3.0,29.5,15.5,-14.0
489,3,0,0,0,0,0,0,1,0,2,5.0,23.0,2.0,5.0,13.0,0.37,1,6.0,2,7.0,14.0,1.05,1.01,0.94,4.0,4.0,1,1,111892,2.0,2.0,19.0,3.0,4.25,26.0,0.13,0.0,2.0,10.0,11.5,1.01,1.01,1.05,6.0,3.0,18.5,14.5,-4.0
490,3,1,0,0,0,0,0,1,0,0,10.0,12.5,4.0,5.0,13.0,0.12,0,0.0,2,6.0,16.0,1.05,1.01,1.05,4.0,4.0,1,1,111692,1.0,2.0,18.0,3.0,5.0,26.0,0.28,0.0,2.0,6.0,16.0,1.01,1.01,1.05,5.0,3.0,20.25,14.0,-6.25
493,3,1,0,0,0,0,1,0,0,0,27.0,12.0,3.0,5.0,26.0,0.25,0,0.0,2,6.0,16.0,1.05,0.9,2.01,6.0,3.0,1,1,111192,,0.0,30.0,4.0,4.9,13.0,0.25,0.0,2.0,6.0,16.0,1.02,1.01,0.84,3.0,3.0,36.0,19.0,-17.0
495,3,0,0,0,0,0,0,1,0,2,4.0,28.0,3.0,5.0,26.0,0.25,0,2.0,2,7.0,15.0,1.05,1.01,0.94,3.0,3.0,1,1,111192,,8.0,20.0,3.0,5.0,26.0,0.25,1.0,2.0,6.0,16.0,0.96,1.01,1.01,5.0,3.0,21.0,21.0,0.0
496,3,1,0,0,0,0,0,1,0,0,10.0,15.0,3.0,5.0,13.0,0.17,1,0.0,2,6.0,16.0,1.05,0.9,0.73,5.0,3.0,1,1,111192,,10.0,10.0,3.0,4.75,19.0,0.18,0.0,2.0,6.0,16.0,1.01,1.01,0.89,,,20.5,18.0,-2.5
499,4,1,0,0,0,0,0,1,0,0,0.0,28.0,5.0,5.0,26.0,0.07,1,11.0,2,10.0,12.0,0.9,0.69,1.75,2.0,2.0,1,1,111492,1.0,0.0,31.0,5.0,5.0,26.0,0.1,1.0,2.0,10.0,12.0,0.9,0.69,0.94,2.0,2.0,19.0,20.5,1.5
509,3,1,0,0,0,0,0,1,0,2,3.0,16.0,3.0,5.0,13.0,0.25,0,30.0,2,6.0,16.0,1.05,0.95,1.16,6.0,3.0,1,1,111192,,5.5,10.0,3.0,4.25,26.0,0.2,0.0,2.0,6.5,15.5,1.0,1.01,0.94,3.0,2.0,14.0,13.5,-0.5
515,3,1,0,0,0,0,0,1,0,0,7.0,16.0,4.0,5.0,13.0,0.2,0,33.0,2,6.0,16.0,1.05,0.94,1.16,5.0,3.0,1,1,111192,,5.0,19.0,3.0,4.75,13.0,0.18,0.0,2.0,6.0,16.0,1.01,1.01,0.94,5.0,4.0,19.0,17.5,-1.5
37,1,0,0,0,0,0,1,0,0,2,21.0,9.0,7.0,4.25,4.0,0.25,0,33.0,2,6.5,16.5,0.98,0.84,0.84,5.0,3.0,1,1,111092,,6.0,25.0,7.0,4.25,52.0,0.18,0.0,2.0,6.5,16.5,0.98,0.84,0.86,6.0,3.0,32.5,25.5,-7.0
39,1,0,0,0,0,0,1,0,0,0,1.0,32.0,2.0,4.25,8.0,,0,100.0,2,6.5,17.5,1.03,0.73,0.52,4.0,2.0,1,1,111792,,5.0,15.0,3.0,,,,0.0,2.0,6.5,16.5,1.05,,0.63,4.0,2.0,19.0,15.5,-3.5
40,1,0,0,0,0,0,1,0,0,0,10.0,20.0,7.0,4.25,4.0,0.15,0,100.0,2,6.5,16.5,0.98,0.82,0.8,3.0,3.0,1,1,111092,,7.0,25.0,6.0,4.25,8.0,0.13,0.0,2.0,6.5,17.5,0.98,0.82,0.87,3.0,2.0,27.0,25.5,-1.5
41,1,0,0,0,0,0,1,0,0,0,0.0,27.0,6.0,4.25,18.0,0.2,0,100.0,2,6.5,16.5,0.98,0.82,0.85,3.0,3.0,1,1,111892,2.0,0.0,42.0,6.0,4.25,,,0.0,2.0,6.5,17.5,0.94,0.78,0.91,3.0,2.0,19.5,27.0,7.5
42,1,0,0,0,0,0,1,0,0,2,17.0,4.0,5.0,4.5,,,0,100.0,2,6.5,16.5,0.98,0.83,0.86,3.0,3.0,1,1,111792,1.0,0.0,22.0,5.0,4.25,26.0,0.25,0.0,2.0,6.5,16.5,0.94,,,3.0,2.0,24.0,16.0,-8.0
45,1,0,0,0,0,0,1,0,0,0,0.0,24.0,6.0,4.25,2.0,0.25,0,25.0,2,7.0,16.0,0.98,0.83,0.86,3.0,3.0,1,1,111092,,11.0,12.0,2.0,4.25,26.0,0.15,0.0,3.0,6.5,17.5,0.98,0.75,0.86,3.0,3.0,18.0,19.0,1.0
47,1,0,0,0,0,0,1,0,0,2,25.0,15.0,,4.5,4.0,0.17,0,75.0,2,6.0,17.0,1.05,0.86,0.86,3.0,3.0,1,1,111092,,0.0,45.0,2.0,4.25,,,0.0,2.0,6.0,18.0,1.05,0.86,0.86,3.0,,,24.5,
48,1,0,0,0,0,0,1,0,0,0,6.0,20.0,3.0,4.25,13.0,0.2,1,31.0,3,7.0,14.0,1.01,0.84,0.63,4.0,3.0,1,1,111092,,7.5,25.0,5.0,4.38,13.0,0.25,1.0,3.0,7.0,14.0,0.98,0.79,0.87,4.0,3.0,19.0,25.0,6.0
50,2,0,0,0,0,0,1,0,0,0,6.0,10.0,3.0,4.5,13.0,,0,20.0,2,10.0,12.0,1.01,0.89,3.5,4.0,3.0,1,1,111292,,4.0,20.0,3.0,4.75,13.0,0.1,0.0,2.0,10.0,13.0,1.01,0.89,2.35,4.0,3.0,14.0,17.0,3.0
51,2,0,0,0,0,0,1,0,0,1,0.0,15.0,3.0,4.25,,0.15,0,100.0,2,10.0,13.0,1.01,0.89,2.35,4.0,3.0,1,1,111792,2.0,6.0,15.0,3.0,4.25,,,0.0,2.0,10.0,13.0,1.0,0.89,2.35,5.0,3.0,10.5,16.5,6.0
57,4,1,0,0,0,0,1,0,0,0,30.0,10.0,3.0,4.67,26.0,0.07,1,70.0,2,10.0,12.0,0.87,0.79,0.9,2.0,2.0,1,1,111492,1.0,7.0,18.0,4.0,4.5,26.0,0.13,1.0,2.0,10.0,12.0,1.01,0.78,0.9,2.0,2.0,38.0,20.0,-18.0
58,4,1,0,0,0,0,1,0,0,2,8.0,25.0,3.0,4.75,26.0,0.15,0,80.0,2,10.0,12.0,0.87,0.77,1.01,2.0,2.0,1,1,111492,2.0,0.0,28.0,4.0,4.5,26.0,0.08,1.0,2.0,10.0,12.0,1.04,0.84,0.94,2.0,2.0,23.5,18.0,-5.5
59,4,0,0,0,0,0,1,0,0,3,0.0,15.0,3.0,4.25,26.0,0.1,0,90.0,1,7.5,10.5,0.91,0.89,0.81,2.0,2.0,1,1,111492,1.0,0.0,16.0,4.0,4.25,26.0,0.1,0.0,1.0,7.5,10.5,1.01,0.84,0.86,2.0,2.0,10.5,12.0,1.5
60,4,0,0,0,0,0,1,0,0,0,10.0,20.0,5.0,4.25,4.0,0.1,0,75.0,1,10.5,11.5,0.94,0.74,0.86,2.0,2.0,1,1,111792,2.0,10.0,20.0,5.0,4.25,4.0,0.25,0.0,1.0,10.0,12.0,0.98,0.84,0.86,2.0,2.0,25.0,25.0,0.0
407,2,1,0,0,0,0,0,1,0,0,2.0,12.0,3.0,4.75,52.0,0.12,0,90.0,3,11.0,10.0,0.95,0.74,2.33,4.0,3.0,1,1,111492,,1.0,14.0,3.0,4.25,4.0,0.3,0.0,1.0,11.0,11.0,0.95,0.84,2.53,4.0,3.0,11.0,11.0,0.0
430,1,0,0,0,0,0,1,0,0,0,20.0,25.0,4.0,4.25,13.0,0.15,0,44.0,2,7.0,15.0,0.95,0.75,0.8,3.0,3.0,1,1,110792,,0.0,48.0,3.0,4.25,26.0,0.13,0.0,2.0,7.0,16.0,0.91,0.73,0.75,3.0,3.0,36.5,27.0,-9.5
432,1,0,0,0,0,0,1,0,0,0,20.0,55.0,5.0,4.5,17.0,0.15,0,75.0,2,7.0,16.0,0.94,0.74,0.79,4.0,3.0,1,1,110792,1.0,25.0,10.0,4.0,5.05,26.0,0.2,0.0,2.0,7.0,16.0,0.94,0.74,0.79,3.0,1.0,52.5,34.0,-18.5
433,1,0,0,0,0,0,1,0,0,0,10.0,30.0,4.0,4.25,13.0,0.15,0,75.0,2,7.0,16.0,0.95,0.73,0.8,3.0,3.0,2,1,123092,6.0,0.0,42.0,4.0,,,,0.0,2.0,7.0,16.0,0.94,0.74,0.74,3.0,3.0,29.0,25.0,-4.0
434,1,0,0,0,0,0,1,0,0,2,15.0,50.0,5.0,4.25,6.0,0.25,0,77.0,2,7.0,16.0,0.95,0.75,,3.0,3.0,1,1,111692,,19.0,29.0,4.0,4.25,,,0.0,2.0,7.0,16.0,0.95,0.8,0.8,3.0,3.0,45.0,37.5,-7.5
435,1,0,0,0,0,0,1,0,0,1,1.0,37.5,3.0,4.25,4.0,0.17,1,25.0,2,6.5,15.5,0.95,0.75,0.79,3.0,3.0,1,1,110792,,0.0,32.0,5.0,4.25,6.0,0.15,1.0,2.0,6.5,15.5,0.94,0.74,0.79,3.0,2.0,22.75,21.0,-1.75
438,2,0,0,0,0,0,1,0,0,2,0.0,9.0,3.0,4.25,52.0,0.07,0,11.0,2,11.0,8.0,1.01,0.84,2.43,2.0,1.0,1,1,111292,,2.0,9.0,3.0,4.25,52.0,0.05,0.0,2.0,11.0,9.0,0.95,0.84,2.43,2.0,1.0,7.5,9.5,2.0
440,4,0,0,0,0,0,1,0,0,2,0.0,25.0,3.0,4.25,19.0,0.15,0,100.0,2,10.5,11.5,0.89,0.79,2.01,2.0,2.0,1,1,111392,,0.0,30.0,3.0,,,,0.0,2.0,10.5,11.5,1.0,0.8,1.8,2.0,2.0,15.5,18.0,2.5
441,4,0,0,0,0,0,1,0,0,2,30.0,10.0,3.0,4.25,4.0,0.25,1,100.0,2,10.5,11.5,0.89,0.77,0.84,2.0,2.0,1,1,111392,,0.0,30.0,3.0,4.25,4.0,0.25,0.0,2.0,10.5,11.5,1.0,0.8,1.81,2.0,2.0,38.0,18.0,-20.0
443,4,0,0,0,0,0,1,0,0,0,4.0,19.0,4.0,4.25,4.0,0.25,0,95.0,2,10.5,11.5,0.89,0.79,1.8,2.0,2.0,1,1,111392,,5.0,20.0,4.0,4.35,17.0,0.18,0.0,2.0,10.5,11.5,1.0,0.8,1.81,2.0,2.0,17.5,19.0,1.5
444,4,0,0,0,0,0,1,0,0,2,12.0,20.0,3.0,4.25,19.0,0.37,0,,2,10.5,12.5,0.89,0.8,0.84,2.0,2.0,1,1,111392,,10.0,35.0,4.0,4.5,4.0,0.3,0.0,2.0,10.5,11.5,0.89,,0.79,2.0,2.0,25.0,31.5,6.5
446,1,0,0,0,0,0,0,1,0,2,,,3.0,4.5,4.0,0.25,0,50.0,2,6.0,18.0,1.03,0.84,0.94,,,1,1,110792,,7.0,24.0,4.0,5.0,4.0,0.25,1.0,2.0,6.0,18.0,0.97,0.84,0.91,4.0,3.0,,23.0,
448,1,0,0,0,0,0,0,1,0,0,8.0,18.0,4.0,4.75,4.0,0.25,1,78.0,2,6.0,18.0,0.97,0.84,0.91,3.0,3.0,1,1,111892,1.0,8.0,27.0,3.0,4.5,13.0,0.25,0.0,2.0,6.0,18.0,0.96,0.83,0.87,3.0,3.0,21.0,24.5,3.5
449,1,0,0,0,0,0,0,1,0,2,0.0,25.0,3.0,4.87,3.5,,0,3.0,2,6.0,18.0,,,,4.0,4.0,1,1,110792,,15.0,15.0,5.0,5.0,52.0,0.25,0.0,2.0,6.0,18.0,0.97,0.84,0.73,3.0,3.0,15.5,27.5,12.0
450,1,0,0,0,0,0,0,1,0,0,2.0,21.0,3.0,4.75,13.0,0.15,0,50.0,2,6.5,16.5,0.97,0.82,0.84,3.0,3.0,1,1,111892,2.0,27.5,8.0,3.0,4.75,13.0,0.25,1.0,2.0,6.0,18.0,0.91,0.84,0.86,3.0,3.0,15.5,34.5,19.0
454,2,1,0,0,0,0,0,1,0,0,1.0,9.0,3.0,4.5,4.0,0.15,0,,2,11.0,10.0,0.94,0.73,2.53,4.0,3.0,1,1,111292,,0.0,18.0,5.0,5.0,13.0,0.25,0.0,1.0,11.0,11.0,0.94,0.73,2.64,4.0,3.0,8.5,14.0,5.5
459,3,1,0,0,0,0,0,1,0,0,5.0,20.0,3.0,4.25,13.0,0.37,0,,2,6.0,16.0,1.05,0.9,0.94,5.0,,2,1,122292,1.0,0.0,20.0,5.0,4.35,28.0,0.15,1.0,2.0,7.0,15.0,1.01,1.01,0.89,4.0,2.0,18.0,15.0,-3.0
466,4,0,0,0,0,0,0,1,0,2,8.0,17.5,4.0,4.75,17.0,0.3,1,65.0,3,10.5,11.5,0.94,0.8,0.94,2.0,2.0,1,1,111892,5.0,14.0,12.0,3.0,,52.0,,0.0,1.0,10.5,11.5,0.94,,,2.0,2.0,20.75,23.0,2.25
471,1,0,0,0,0,0,0,1,0,2,25.0,20.0,4.0,4.25,26.0,,0,50.0,2,6.0,18.0,0.97,0.84,0.91,2.0,2.0,1,1,111692,,12.0,23.0,3.0,4.25,26.0,0.15,0.0,2.0,6.0,18.0,0.97,0.86,0.91,3.0,1.0,39.0,26.5,-12.5
472,1,0,0,0,0,0,0,1,0,2,37.5,2.0,3.0,4.25,52.0,,0,80.0,2,6.5,16.5,0.97,1.05,0.91,3.0,3.0,1,1,110792,,8.0,25.0,3.0,4.9,13.0,0.18,0.0,2.0,6.0,17.0,0.96,0.84,0.91,3.0,3.0,41.5,23.5,-18.0
473,1,0,0,0,0,0,0,1,0,0,5.0,27.0,4.0,4.75,26.0,0.5,1,50.0,2,6.0,17.0,0.97,0.86,0.89,3.0,2.0,1,1,111792,1.0,26.0,15.0,2.0,4.5,19.0,0.13,0.0,2.0,6.0,17.0,0.97,0.84,0.86,3.0,3.0,22.5,35.5,13.0
475,1,0,0,0,0,0,0,1,0,1,25.0,8.0,3.0,4.5,,,0,60.0,1,7.0,15.0,1.02,0.89,0.9,3.0,3.0,1,1,110792,,10.0,16.0,3.0,4.5,26.0,0.15,0.0,1.0,7.0,15.0,1.02,0.94,0.9,3.0,3.0,32.0,21.0,-11.0
476,1,0,0,0,0,0,1,0,0,2,6.0,30.0,3.0,4.25,52.0,0.12,0,60.0,2,6.0,18.0,0.95,0.79,0.91,3.0,3.0,1,1,111792,1.0,5.0,30.0,3.0,4.75,52.0,0.2,0.0,2.0,6.0,18.0,0.96,0.84,1.18,3.0,3.0,24.0,23.0,-1.0
477,1,0,0,0,0,0,0,1,0,1,8.0,28.0,4.0,4.25,39.0,0.12,1,50.0,2,6.5,16.5,0.97,0.78,0.99,3.0,3.0,1,1,110792,,6.0,20.0,4.0,6.25,26.0,0.5,0.0,2.0,6.0,17.0,0.96,0.84,0.89,3.0,3.0,26.0,20.0,-6.0
478,1,0,0,0,0,0,1,0,0,0,32.0,25.0,4.0,4.5,13.0,0.22,0,30.0,2,6.0,19.0,0.97,0.86,0.91,3.0,3.0,2,1,122292,1.0,8.0,30.0,4.0,4.35,13.0,0.25,0.0,2.0,6.0,18.0,1.01,0.88,0.91,3.0,2.0,48.5,27.0,-21.5
485,2,1,0,0,0,0,0,1,0,2,1.0,9.0,3.0,4.5,26.0,0.37,0,80.0,2,11.0,10.0,0.95,0.74,2.33,4.0,3.0,1,1,111292,,4.0,12.0,3.0,4.5,19.0,,0.0,2.0,11.0,11.0,1.01,0.73,2.32,4.0,3.0,8.5,13.0,4.5
491,3,0,0,0,0,0,0,1,0,0,4.0,25.0,2.0,4.5,13.0,0.37,0,100.0,2,8.5,13.0,1.05,0.91,0.95,3.0,2.0,2,3,123092,3.0,0.0,0.0,0.0,,,,,,,,,,,,,18.5,0.0,-18.5
492,3,1,0,0,0,0,0,1,0,0,2.0,16.0,3.0,4.5,13.0,0.25,0,75.0,2,9.0,12.5,1.11,1.05,0.94,2.0,1.0,1,1,111192,,4.0,15.0,2.0,4.5,19.0,0.1,0.0,2.0,9.0,12.5,1.11,1.11,1.05,2.0,1.0,13.0,13.5,0.5
497,4,1,0,0,0,0,0,1,0,0,12.0,15.0,3.0,4.5,13.0,0.15,1,37.0,2,10.0,12.0,0.91,0.84,0.84,2.0,2.0,1,1,111392,,,,5.0,,,,0.0,2.0,10.0,12.0,1.01,0.9,0.79,2.0,2.0,22.5,,
498,4,1,0,0,0,0,0,1,0,2,20.0,10.0,3.0,4.75,26.0,0.1,1,75.0,2,10.0,12.0,0.91,0.84,0.85,2.0,2.0,1,1,111792,2.0,21.0,5.5,3.0,5.0,26.0,,1.0,2.0,10.0,12.0,0.98,0.84,0.9,2.0,2.0,28.0,26.75,-1.25
501,1,0,0,0,0,0,0,1,0,0,14.0,15.0,3.0,4.25,4.0,0.37,1,63.0,2,6.5,16.5,0.84,0.84,0.94,3.0,3.0,1,1,111792,2.0,30.0,15.0,6.0,4.75,4.0,0.35,1.0,1.0,6.0,18.0,1.03,0.91,0.91,3.0,3.0,24.5,43.5,19.0
503,1,0,0,0,0,0,0,1,0,2,7.5,14.0,4.0,4.75,,0.12,0,100.0,2,6.5,16.5,0.97,0.84,0.91,3.0,3.0,1,1,110792,,35.0,6.5,3.0,4.5,13.0,0.15,0.0,2.0,6.0,18.0,0.97,0.84,1.0,3.0,3.0,18.5,41.25,22.75
510,3,1,0,0,0,0,0,1,0,0,7.0,25.0,4.0,4.25,26.0,0.25,0,60.0,2,6.0,16.0,1.05,0.91,1.05,3.0,3.0,1,1,111892,2.0,2.5,17.5,3.0,,13.0,,1.0,2.0,7.0,15.0,1.05,1.01,,5.0,3.0,23.5,14.25,-9.25
511,3,1,0,0,0,0,0,1,0,0,4.0,16.0,3.0,4.75,9.0,0.15,0,75.0,2,6.0,16.5,1.01,0.91,1.05,4.0,4.0,1,1,111192,,3.0,13.0,3.0,4.75,,,0.0,2.0,7.0,15.0,1.01,1.01,0.89,6.0,2.0,15.0,12.5,-2.5
514,3,0,0,0,0,0,0,1,0,0,5.0,20.0,3.0,4.5,26.0,0.25,0,25.0,2,6.0,16.0,0.94,0.9,0.94,5.0,3.0,1,1,111192,1.0,23.0,16.0,3.0,4.25,10.0,0.2,0.0,2.0,6.0,16.0,0.95,0.95,1.05,6.0,4.0,18.0,34.0,16.0
516,3,1,0,0,0,0,0,1,0,2,6.0,22.5,3.0,4.75,13.0,0.12,0,23.0,3,6.0,16.0,1.05,0.91,1.05,4.0,3.0,1,1,111692,,2.0,12.0,2.0,4.91,14.0,0.18,1.0,2.0,8.0,14.0,1.01,0.95,0.89,5.0,3.0,20.25,10.0,-10.25
521,1,0,0,0,0,0,1,0,0,0,2.5,20.0,3.0,4.25,13.0,,1,50.0,2,6.5,16.5,,,0.52,4.0,4.0,1,1,110792,,0.0,12.0,8.0,4.4,13.0,0.13,1.0,2.0,7.0,16.0,0.41,0.84,0.89,4.0,2.0,15.5,14.0,-1.5
522,1,0,0,0,0,0,1,0,0,2,2.0,30.0,4.0,4.35,26.0,0.2,0,75.0,3,7.0,16.0,1.0,0.87,0.94,3.0,3.0,1,1,110792,,3.0,23.0,3.0,4.25,26.0,0.15,0.0,3.0,7.0,16.0,1.0,0.74,0.95,3.0,3.0,21.0,17.5,-3.5
113,1,0,1,0,1,0,0,0,0,0,0.0,22.0,4.0,,,,1,,2,7.0,16.0,1.06,0.95,1.0,4.0,,1,1,111092,,2.0,40.0,5.0,5.05,26.0,0.28,1.0,2.0,7.0,16.0,1.05,0.9,0.98,3.0,2.0,15.0,27.0,12.0
123,1,0,1,0,1,0,0,0,0,0,0.0,20.0,5.0,,13.0,,0,28.0,2,7.0,14.5,1.06,0.95,1.01,2.0,1.0,1,1,111092,,5.0,25.0,4.0,5.05,26.0,0.15,0.0,3.0,7.5,14.0,1.05,0.94,1.0,3.0,2.0,15.0,21.5,6.5
135,3,0,1,0,1,0,0,0,0,0,10.0,20.0,4.0,,26.0,,0,,0,9.0,12.5,,,,5.0,3.0,1,1,111692,,8.0,24.0,3.0,5.05,,0.25,0.0,2.0,10.0,11.5,1.16,1.06,1.05,5.0,3.0,24.0,23.0,-1.0
138,3,1,1,0,0,1,0,0,0,0,4.5,25.5,2.0,,,,1,,2,10.0,11.5,1.12,1.07,1.06,6.0,,1,1,111692,,2.0,33.0,3.0,5.05,26.0,0.2,0.0,2.0,10.0,11.5,1.21,1.01,0.94,6.0,4.0,19.25,21.5,2.25
153,1,0,1,0,0,1,0,0,0,0,0.0,25.0,9.0,,52.0,0.15,0,33.0,1,7.0,17.0,1.0,0.95,0.89,4.0,3.0,1,1,111092,,26.5,10.0,3.0,5.05,26.0,0.15,0.0,2.0,7.0,17.0,1.05,0.95,0.95,3.0,2.0,21.5,34.5,13.0
181,2,0,1,0,0,1,0,0,0,0,0.0,13.0,3.0,,,,0,100.0,1,10.5,11.0,0.91,0.79,2.34,3.0,2.0,1,1,111192,,1.0,15.0,2.0,5.05,,0.25,0.0,1.0,10.5,11.0,0.95,0.9,2.49,3.0,2.0,9.5,10.5,1.0
191,4,0,1,0,0,1,0,0,0,0,30.0,20.0,4.0,,,,0,,2,10.5,12.0,1.06,0.95,1.06,,1.0,1,1,111792,1.0,0.0,25.0,4.0,5.05,6.0,0.25,1.0,2.0,10.5,12.0,1.02,0.94,1.05,2.0,2.0,44.0,16.5,-27.5
231,1,0,1,0,0,1,0,0,0,1,,10.0,3.0,,26.0,,0,,2,7.0,16.0,1.02,1.02,0.95,2.0,2.0,1,1,111092,,16.0,6.0,4.0,5.05,4.0,0.25,0.0,1.0,7.0,16.0,0.9,0.95,0.95,3.0,1.0,,23.0,
236,1,0,1,0,0,1,0,0,0,3,0.0,34.0,4.0,,17.0,,0,95.0,1,7.0,17.0,1.18,1.02,1.06,4.0,3.0,1,1,111792,2.0,23.0,22.0,4.0,5.05,8.0,0.28,1.0,1.0,7.0,18.0,1.1,1.01,0.99,4.0,3.0,21.0,38.0,17.0
254,4,0,1,1,0,0,0,0,1,0,20.0,10.0,3.0,,16.0,,0,,1,7.0,16.0,1.06,0.86,1.06,2.0,2.0,1,1,111492,1.0,28.0,10.0,3.0,5.25,8.0,0.2,1.0,1.0,7.0,15.0,1.0,0.85,1.05,2.0,2.0,28.0,36.0,8.0
255,4,0,1,1,0,0,0,0,0,2,0.0,14.0,3.0,,52.0,0.27,1,10.0,1,7.0,14.0,1.01,0.79,0.85,2.0,2.0,1,1,111392,,8.0,12.0,2.0,,52.0,0.14,0.0,1.0,7.0,14.0,1.0,0.85,2.11,2.0,2.0,10.0,16.0,6.0
294,1,0,1,0,0,1,0,0,0,3,0.0,35.0,3.0,,26.0,0.2,0,70.0,2,7.0,16.0,1.06,0.95,0.95,3.0,3.0,1,1,110992,,0.0,35.0,3.0,5.05,26.0,0.2,0.0,2.0,7.0,16.0,1.05,0.94,0.94,3.0,2.0,20.5,20.5,0.0
306,3,1,1,0,0,1,0,0,0,0,15.0,15.0,3.0,,17.0,,0,,2,6.0,17.0,1.02,,1.06,4.0,4.0,1,1,111792,1.0,6.0,20.0,3.0,5.05,26.0,0.23,0.0,2.0,6.0,18.0,1.11,1.05,1.05,,2.0,25.5,19.0,-6.5
311,4,0,1,0,0,1,0,0,0,2,0.0,30.0,4.0,,26.0,0.32,1,78.0,2,10.5,11.5,0.91,0.91,1.06,2.0,2.0,1,1,111392,,35.0,30.0,3.0,5.05,,0.2,0.0,2.0,10.5,11.5,1.01,0.95,1.05,2.0,2.0,19.0,53.0,34.0
315,1,0,1,1,0,0,0,0,0,0,5.0,19.0,2.0,,4.0,0.25,1,65.0,3,7.0,16.0,1.0,0.85,0.88,3.0,2.0,1,1,110992,,4.5,20.0,2.0,5.05,8.0,0.08,0.0,2.0,7.0,16.0,1.05,0.84,0.87,3.0,2.0,16.5,16.5,0.0
335,1,1,1,1,0,0,0,0,0,0,9.0,10.0,3.0,,13.0,0.17,0,100.0,1,6.0,17.0,1.06,0.92,0.92,5.0,2.0,1,1,111892,3.0,7.0,13.0,3.0,5.05,26.0,0.13,0.0,1.0,6.0,17.0,1.05,0.94,0.94,5.0,2.0,17.0,16.5,-0.5
372,1,1,1,0,0,1,0,0,0,2,0.0,45.0,5.0,,26.0,0.15,1,30.0,3,6.5,19.0,1.1,0.95,1.1,4.0,,1,1,111792,1.0,30.0,20.0,5.0,5.05,8.0,0.08,0.0,2.0,6.5,18.5,1.06,1.05,1.04,4.0,3.0,27.5,45.0,17.5
6,3,1,1,0,1,0,0,0,0,2,2.0,2.0,2.0,5.0,13.0,0.25,0,100.0,1,11.0,7.0,1.2,1.17,2.35,4.0,2.0,1,1,111792,1.0,5.0,2.0,2.0,5.05,13.0,0.15,0.0,1.0,10.0,8.0,1.11,1.01,2.23,4.0,2.0,5.0,8.0,3.0
14,2,0,1,0,1,0,0,0,0,0,10.0,8.0,2.0,5.12,6.0,0.25,0,0.0,3,11.0,11.0,1.06,0.85,2.49,6.0,5.0,1,1,110592,,4.0,17.0,3.0,5.05,13.0,0.25,1.0,2.0,11.0,11.0,1.05,0.94,2.6,6.0,3.0,16.0,15.5,-0.5
26,1,0,1,0,0,1,0,0,0,3,30.0,15.0,4.0,5.56,6.0,,1,,2,7.0,16.0,1.06,0.91,0.98,4.0,2.0,1,1,111792,2.0,10.0,20.0,4.0,5.05,,,0.0,2.0,7.0,16.0,1.01,0.94,0.94,5.0,4.0,41.5,24.0,-17.5
27,2,1,1,0,1,0,0,0,0,2,4.0,10.0,4.0,5.0,,0.37,0,0.0,1,11.0,10.0,1.06,0.85,2.34,4.0,3.0,1,1,111292,,0.0,7.0,4.0,5.05,26.0,0.25,0.0,1.0,11.0,10.0,1.05,0.84,2.53,4.0,3.0,13.0,7.5,-5.5
30,2,0,1,0,0,1,0,0,0,4,6.0,4.0,2.0,5.0,13.0,0.37,0,0.0,1,11.0,10.0,1.06,1.06,2.53,2.0,2.0,1,1,111292,,4.0,3.0,2.0,5.05,19.0,0.25,1.0,1.0,11.0,10.0,0.94,0.92,2.69,2.0,2.0,10.0,7.5,-2.5
31,2,0,1,0,1,0,0,0,0,2,4.0,16.0,3.0,5.25,13.0,0.15,0,0.0,2,11.0,11.0,1.03,1.06,2.56,4.0,3.0,1,1,111492,3.0,6.0,15.0,5.0,5.05,26.0,0.25,0.0,1.0,10.5,12.5,1.0,1.05,2.64,4.0,4.0,15.0,18.5,3.5
33,3,0,1,0,0,1,0,0,0,0,12.0,20.0,4.0,5.0,26.0,0.25,0,7.0,2,6.0,17.0,1.02,1.07,0.95,5.0,4.0,1,1,111392,,6.0,11.0,5.0,5.05,,0.2,0.0,2.0,6.0,17.0,1.11,1.06,1.05,4.0,2.0,26.0,16.5,-9.5
36,4,0,1,0,1,0,0,0,0,0,8.0,12.0,4.0,5.5,30.0,0.17,1,0.0,2,10.5,13.0,1.02,0.91,2.57,2.0,2.0,1,1,111492,,10.0,35.0,6.0,5.05,26.0,0.15,1.0,2.0,10.5,12.5,0.95,0.89,1.19,2.0,2.0,18.0,33.5,15.5
77,3,0,1,0,0,1,0,0,0,0,6.0,50.0,4.0,5.0,4.0,0.15,0,100.0,2,6.0,19.0,1.18,1.07,1.17,6.0,5.0,1,1,111992,4.0,4.0,60.0,3.0,5.05,52.0,0.15,0.0,2.0,6.0,19.0,1.06,1.06,1.05,6.0,2.0,35.0,37.0,2.0
78,3,1,1,0,0,1,0,0,0,0,13.0,10.0,3.0,5.0,26.0,0.15,0,0.0,2,6.0,17.0,1.12,1.02,1.02,4.0,2.0,1,1,111392,,10.0,12.0,2.0,5.05,26.0,0.1,0.0,2.0,7.0,16.0,1.11,1.01,1.05,5.0,3.0,21.0,18.0,-3.0
81,4,0,1,0,0,1,0,0,0,4,25.0,13.0,3.0,5.0,26.0,0.1,0,95.0,2,10.0,12.0,1.06,0.98,1.06,2.0,2.0,2,1,121592,3.0,0.0,45.0,4.0,5.05,,,1.0,2.0,10.5,11.5,1.11,0.98,2.07,2.0,1.0,34.5,26.5,-8.0
82,4,0,1,0,0,1,0,0,0,6,8.0,14.5,3.0,5.0,13.0,0.37,1,0.0,2,10.5,13.5,1.06,1.03,1.06,2.0,2.0,1,1,111492,,25.0,8.0,4.0,5.05,13.0,0.18,1.0,2.0,10.5,13.5,1.11,0.98,1.05,2.0,2.0,18.25,33.0,14.75
83,4,0,1,0,0,1,0,0,0,2,12.5,20.0,2.0,5.0,13.0,0.25,0,11.0,2,10.5,13.5,1.06,0.98,2.13,2.0,2.0,1,1,111792,2.0,,,4.0,5.05,26.0,0.5,0.0,2.0,10.0,14.0,1.11,0.89,0.99,2.0,2.0,24.5,,
85,1,0,1,0,1,0,0,0,1,3,7.0,20.0,3.0,5.5,26.0,0.52,0,1.0,1,9.0,12.5,1.12,1.02,1.02,5.0,4.0,1,1,111692,,0.0,35.0,3.0,5.05,26.0,0.18,0.0,1.0,9.0,12.5,1.11,1.01,1.05,5.0,1.0,20.0,20.5,0.5
89,1,1,1,0,1,0,0,0,0,2,10.0,6.0,3.0,5.0,13.0,0.17,0,0.0,2,7.0,16.0,1.09,0.95,1.04,3.0,2.0,1,1,111092,,6.0,25.0,6.0,5.5,4.0,0.63,0.0,2.0,7.0,16.0,1.11,1.01,1.05,3.0,3.0,16.0,24.5,8.5
94,2,0,1,0,1,0,0,0,0,2,0.0,25.0,5.0,5.0,26.0,0.25,0,0.0,3,11.0,10.0,1.06,0.8,2.56,,,1,1,111292,,2.0,20.0,4.0,5.05,52.0,0.25,0.0,1.0,11.0,10.0,1.05,0.79,2.53,3.0,,17.5,16.0,-1.5
103,4,0,1,0,0,1,0,0,0,2,12.5,10.0,3.0,5.0,26.0,0.27,0,50.0,2,10.5,11.5,0.91,0.85,0.95,2.0,2.0,1,1,111492,2.0,,,2.0,5.05,13.0,,0.0,2.0,10.5,12.5,1.05,0.84,1.26,2.0,2.0,20.5,,
112,4,0,1,0,0,1,0,0,0,0,4.0,26.0,3.0,5.0,13.0,0.2,0,80.0,2,10.0,14.0,1.06,0.98,1.06,2.0,2.0,2,1,121392,9.0,5.0,25.0,6.0,5.05,28.0,0.18,0.0,2.0,10.5,12.5,1.11,1.09,2.07,,,20.0,23.5,3.5
128,2,1,1,0,1,0,0,0,0,3,6.5,7.5,2.0,5.0,,0.15,0,,2,11.0,11.0,1.06,0.85,2.34,4.0,2.0,1,1,111492,1.0,3.0,16.0,2.0,5.05,26.0,0.25,0.0,1.0,11.0,11.0,1.05,0.79,2.32,3.0,2.0,12.25,13.0,0.75
129,3,0,1,0,1,0,0,0,0,3,20.0,20.0,3.0,5.25,26.0,0.05,0,0.0,2,6.0,16.0,1.1,1.0,0.74,6.0,4.0,1,1,111392,,7.0,18.0,4.0,5.05,52.0,0.25,0.0,2.0,6.0,16.0,1.11,1.0,0.89,4.0,3.0,33.0,20.0,-13.0
131,3,0,1,0,1,0,0,0,0,2,15.0,25.0,4.0,5.5,4.0,0.37,1,10.0,2,6.0,17.0,1.06,1.06,1.06,5.0,2.0,2,1,121692,2.0,8.0,22.0,3.0,5.05,,,0.0,2.0,7.0,15.0,1.05,1.11,1.05,5.0,4.0,31.5,22.0,-9.5
139,4,0,1,0,1,0,0,0,0,0,,,2.0,5.5,,,0,,2,10.5,12.5,0.95,0.95,1.06,2.0,1.0,1,1,111492,,11.0,25.0,5.0,5.5,19.0,0.25,1.0,2.0,11.0,12.0,,,,,,,28.5,
143,4,0,1,0,1,0,0,0,0,3,0.0,30.0,3.0,5.37,26.0,0.25,1,15.0,2,10.5,11.5,0.95,0.95,1.06,2.0,2.0,2,4,121692,2.0,,,,,,,,,,,,,,,,18.0,,
144,4,0,1,0,1,0,0,0,0,2,10.0,30.0,3.0,5.05,26.0,0.15,1,0.0,2,10.5,12.5,0.91,0.85,1.06,2.0,2.0,1,1,111792,1.0,4.0,37.0,3.0,5.05,26.0,0.35,1.0,2.0,10.5,12.5,0.94,0.94,1.26,2.0,2.0,28.0,25.5,-2.5
145,1,0,1,0,0,1,0,0,0,0,5.0,17.0,3.0,5.0,13.0,0.15,1,0.0,2,7.0,16.0,1.06,0.95,0.95,3.0,2.0,1,1,111092,,10.0,8.0,4.0,5.28,26.0,0.13,1.0,2.0,7.0,16.0,1.05,0.96,0.95,3.0,2.0,16.5,18.0,1.5
147,1,0,1,0,0,1,0,0,0,0,8.5,6.5,3.0,5.12,8.0,0.25,0,100.0,2,7.0,14.0,1.12,0.89,0.95,2.0,2.0,1,1,111892,1.0,6.0,0.0,3.0,5.25,13.0,0.38,0.0,2.0,7.0,14.0,1.13,0.91,0.91,2.0,2.0,14.75,9.0,-5.75
148,1,0,1,0,0,1,0,0,0,4,4.5,30.0,4.0,5.25,26.0,0.17,1,0.0,2,7.0,17.0,1.06,0.95,0.95,3.0,2.0,1,1,111092,,7.5,30.0,4.0,5.05,26.0,0.2,1.0,2.0,7.0,17.0,1.05,0.94,0.94,3.0,3.0,23.5,26.5,3.0
151,1,0,1,0,0,1,0,0,0,0,1.0,12.0,3.0,5.0,12.0,0.1,0,92.0,2,7.0,15.0,1.09,0.81,1.04,3.0,3.0,2,3,123092,2.0,0.0,0.0,0.0,,,,,,,,,,,,,10.0,0.0,-10.0
152,1,0,1,0,0,1,0,0,0,0,35.0,15.0,4.0,5.12,9.0,0.67,1,10.0,1,7.0,15.0,1.17,0.95,1.02,3.0,2.0,1,1,111092,,12.0,13.5,5.0,5.05,13.0,0.28,0.0,2.0,7.0,15.0,1.16,0.94,0.94,3.0,3.0,46.5,23.75,-22.75
157,2,0,1,0,0,1,0,0,0,0,10.0,5.0,3.0,5.0,26.0,0.25,0,0.0,1,10.5,12.0,0.91,0.85,2.34,3.0,3.0,1,1,111792,2.0,12.0,8.0,2.0,5.5,26.0,0.25,0.0,1.0,10.5,11.0,0.95,0.83,2.47,2.0,2.0,15.5,18.0,2.5
161,3,1,1,0,0,1,0,0,0,0,8.0,25.0,4.0,5.0,19.0,0.15,0,2.0,2,6.0,17.0,1.12,1.02,1.06,7.0,3.0,1,1,111992,4.0,26.0,12.0,4.0,5.05,,,0.0,2.0,6.0,17.0,1.11,1.06,1.05,7.0,5.0,24.5,36.0,11.5
163,3,1,1,0,0,1,0,0,0,0,12.0,18.0,3.0,5.0,13.0,0.15,0,11.0,2,6.0,16.5,1.2,1.07,1.06,3.0,3.0,1,1,111292,,1.5,33.0,3.0,5.05,26.0,0.15,0.0,2.0,7.0,15.0,,,,,,24.0,21.0,-3.0
164,3,1,1,0,0,1,0,0,0,0,4.0,30.0,4.0,5.0,26.0,0.1,0,3.0,2,5.0,19.0,1.12,1.02,1.06,5.0,3.0,1,1,111292,,5.0,15.0,3.0,5.05,52.0,0.15,0.0,2.0,6.0,17.0,1.11,1.06,1.05,5.0,3.0,23.0,15.5,-7.5
165,4,0,1,0,0,1,0,0,0,1,20.0,10.0,3.0,5.0,15.0,0.27,1,60.0,2,10.5,12.5,1.06,0.89,1.06,3.0,2.0,1,1,111792,1.0,10.0,17.0,4.0,5.05,14.0,0.13,0.0,2.0,10.5,12.5,1.05,0.98,1.05,2.0,2.0,28.0,22.5,-5.5
169,1,1,1,0,0,1,0,0,0,0,12.0,33.0,4.0,5.0,13.0,0.25,0,50.0,2,7.0,16.0,1.1,0.94,1.04,3.0,3.0,1,1,111692,,20.0,6.0,4.0,5.05,52.0,0.15,0.0,2.0,7.0,16.0,1.11,1.05,1.05,3.0,3.0,32.5,27.0,-5.5
170,1,1,1,0,0,1,0,0,0,1,10.0,20.0,3.0,5.0,52.0,0.52,0,0.0,2,7.0,16.0,1.1,1.02,1.08,3.0,2.0,1,1,111092,,20.0,20.0,4.0,5.05,4.0,,0.0,1.0,7.0,16.0,1.29,1.11,1.18,4.0,4.0,23.0,34.0,11.0
187,3,0,1,0,0,1,0,0,1,0,4.0,20.0,3.0,5.62,26.0,0.52,0,2.0,2,7.0,15.0,1.12,1.09,1.06,4.0,3.0,1,1,111292,,5.0,17.5,3.0,5.05,13.0,0.2,0.0,2.0,7.0,15.0,1.11,1.06,1.05,4.0,4.0,17.0,16.75,-0.25
190,3,1,1,0,0,1,0,0,0,0,5.0,42.0,4.0,5.0,26.0,0.12,1,,2,6.0,16.0,1.02,1.07,1.06,5.0,,1,1,111292,,7.0,30.0,4.0,5.05,26.0,0.18,0.0,2.0,7.0,15.0,1.05,1.01,1.74,5.0,3.0,30.0,26.0,-4.0
196,4,1,1,0,0,1,0,0,0,0,8.0,19.0,4.0,5.0,26.0,0.2,0,,2,10.5,11.5,0.95,0.85,1.06,2.0,2.0,1,1,111392,,0.0,30.0,3.0,5.05,26.0,0.18,0.0,2.0,10.5,12.5,1.0,0.9,2.11,2.0,2.0,21.5,18.0,-3.5
197,1,0,1,0,0,1,0,0,0,0,23.0,10.0,4.0,5.0,26.0,0.25,0,50.0,2,7.0,17.0,0.99,0.89,0.89,3.0,2.0,1,1,111792,1.0,5.0,21.0,5.0,5.05,26.0,0.13,0.0,3.0,7.0,17.0,1.05,0.95,0.95,3.0,1.0,32.0,20.5,-11.5
234,1,0,1,0,0,1,0,0,0,2,0.0,10.0,3.0,5.0,26.0,,0,0.0,2,7.0,16.0,1.12,,0.49,2.0,2.0,1,1,111892,2.0,10.0,4.0,3.0,5.05,26.0,,0.0,2.0,7.0,16.0,1.04,1.01,0.58,3.0,2.0,8.0,15.0,7.0
240,3,1,1,0,0,1,0,0,0,0,15.0,35.0,3.0,5.1,26.0,0.25,0,20.0,2,6.0,17.0,1.18,1.02,1.06,6.0,4.0,1,1,111692,1.0,15.0,15.0,3.0,5.05,26.0,0.15,0.0,2.0,6.0,17.0,1.1,1.0,1.05,6.0,4.0,35.5,25.5,-10.0
241,3,0,1,0,0,1,0,0,0,2,15.0,25.0,4.0,5.0,13.0,0.37,1,30.0,2,7.0,16.0,1.12,1.02,1.06,5.0,5.0,1,1,111192,1.0,15.0,,4.0,5.05,26.0,0.1,0.0,2.0,7.0,16.0,1.15,1.05,1.05,5.0,5.0,31.5,,
242,3,1,1,0,0,1,0,0,0,0,25.0,10.0,3.0,5.25,13.0,0.25,1,0.0,2,6.0,17.0,1.1,1.02,1.06,5.0,4.0,1,1,111192,,12.0,10.0,3.0,5.05,8.0,0.2,1.0,2.0,7.0,16.0,1.11,1.06,1.05,6.0,4.0,33.0,20.0,-13.0
245,3,0,1,0,0,1,0,0,0,3,15.0,8.0,3.0,5.5,,,0,0.0,1,8.5,13.5,1.2,1.02,1.02,4.0,2.0,1,1,111792,3.0,8.0,12.0,4.0,5.05,26.0,,0.0,1.0,8.5,13.0,1.11,1.11,1.05,5.0,1.0,22.0,18.0,-4.0
259,1,0,1,1,0,0,0,0,0,0,13.0,12.0,4.0,5.0,4.0,0.25,0,50.0,2,7.5,14.5,1.02,0.85,0.85,3.0,3.0,1,1,110992,,15.0,15.0,4.0,5.05,,,0.0,2.0,7.5,14.5,1.05,,0.84,3.0,3.0,23.0,26.5,3.5
268,1,1,1,1,0,0,0,0,0,1,10.0,18.0,4.0,5.0,26.0,0.17,1,0.0,2,7.0,15.0,1.02,0.85,0.85,5.0,4.0,1,1,110992,,0.0,42.5,2.0,5.05,26.0,0.25,1.0,2.0,7.0,15.0,0.94,0.78,0.84,4.0,4.0,23.0,23.25,0.25
271,2,1,1,1,0,0,0,0,0,3,0.0,13.0,2.0,5.0,13.0,0.1,0,38.0,2,11.0,11.0,1.02,0.79,2.34,4.0,2.0,1,1,111792,1.0,0.0,15.0,3.0,5.05,8.0,0.1,0.0,2.0,11.0,12.0,0.9,0.73,2.28,4.0,3.0,8.5,10.5,2.0
272,2,1,1,1,0,0,0,0,0,4,4.0,11.0,3.0,5.05,4.0,0.2,0,0.0,1,11.0,11.0,0.95,0.74,2.34,4.0,2.0,1,1,111492,1.0,2.0,14.0,3.0,5.25,26.0,0.2,0.0,2.0,11.0,12.0,0.94,0.73,2.32,4.0,3.0,12.5,12.0,-0.5
274,2,1,1,1,0,0,0,0,0,0,0.0,15.0,2.0,5.5,26.0,0.12,0,27.0,2,11.0,10.0,0.91,0.74,2.34,4.0,3.0,1,1,111392,,3.0,7.0,3.0,5.05,26.0,0.2,0.0,1.0,11.0,11.0,,,2.32,,,9.5,9.5,0.0
276,2,1,1,1,0,0,0,0,0,3,5.0,10.0,3.0,5.0,26.0,0.25,0,0.0,2,11.0,10.5,0.95,0.74,2.19,4.0,3.0,1,1,111392,,5.0,15.0,3.0,5.05,26.0,0.28,0.0,3.0,11.0,12.0,0.95,0.73,2.32,5.0,3.0,13.0,15.5,2.5
296,1,1,1,0,0,1,0,0,0,0,5.0,16.0,4.0,5.3,26.0,0.25,0,50.0,2,7.0,16.0,1.06,0.95,1.01,3.0,3.0,1,1,111892,3.0,4.0,9.0,6.0,5.05,13.0,,0.0,2.0,7.0,16.0,1.05,0.94,1.0,3.0,2.0,17.0,14.5,-2.5
299,2,1,1,0,0,1,0,0,0,0,3.0,8.0,2.0,5.0,26.0,,0,0.0,1,10.5,11.5,1.06,0.85,2.34,3.0,2.0,1,1,111792,1.0,6.0,12.0,2.0,5.05,13.0,0.25,0.0,1.0,11.0,11.5,1.05,0.84,2.32,3.0,2.0,9.0,14.0,5.0
301,2,1,1,0,0,1,0,0,0,4,8.0,12.0,5.0,5.0,11.0,0.36,1,0.0,3,11.0,10.5,1.06,0.85,2.34,3.0,1.0,1,1,111492,1.0,2.0,7.0,1.0,5.05,4.0,0.5,0.0,2.0,11.0,10.5,0.94,0.84,2.32,3.0,2.0,19.0,6.5,-12.5
320,2,0,1,1,0,0,0,0,1,0,5.0,9.0,2.0,5.0,13.0,0.12,1,0.0,2,11.0,12.0,1.12,0.8,2.45,4.0,4.0,1,1,111392,,4.0,6.0,3.0,5.05,,,0.0,1.0,11.0,11.0,1.05,0.84,2.43,4.0,3.0,11.5,10.0,-1.5
321,2,0,1,1,0,0,0,0,1,0,3.0,14.0,3.0,5.0,,0.25,0,10.0,2,10.5,12.5,1.12,0.85,2.45,4.0,2.0,1,1,111492,2.0,4.0,11.0,2.0,5.05,13.0,0.15,0.0,1.0,11.0,12.0,1.05,0.84,2.43,4.0,3.0,13.0,11.5,-1.5
324,3,0,1,1,0,0,0,0,0,2,20.0,46.0,5.0,5.25,26.0,0.2,0,0.0,2,0.0,24.0,1.18,1.06,,5.0,2.0,2,1,121892,4.0,22.0,39.0,5.0,5.05,52.0,0.25,1.0,2.0,0.0,24.0,1.22,1.05,1.05,5.0,2.0,48.0,46.5,-1.5
326,3,1,1,1,0,0,0,0,1,3,18.0,45.0,5.0,5.15,11.0,0.15,0,7.0,2,0.0,24.0,1.26,0.99,,4.0,3.0,1,1,111892,1.0,0.0,45.0,4.0,5.05,,,0.0,2.0,0.0,24.0,1.22,,1.05,4.0,2.0,45.5,26.5,-19.0
330,4,0,1,1,0,0,0,0,1,0,4.0,16.0,3.0,5.42,13.0,0.12,1,0.0,1,10.5,15.5,1.01,0.86,0.95,2.0,2.0,1,1,111392,,3.0,20.0,3.0,5.67,52.0,0.25,0.0,1.0,10.5,14.5,0.94,0.79,1.26,2.0,2.0,15.0,16.0,1.0
334,1,0,1,1,0,0,0,0,0,0,10.0,10.0,3.0,5.0,4.0,0.17,0,0.0,3,9.0,12.5,0.91,0.91,0.91,3.0,3.0,1,1,110992,,0.0,20.0,3.0,5.05,26.0,0.18,,3.0,9.0,12.5,0.9,0.9,0.85,3.0,2.0,18.0,13.0,-5.0
349,3,1,1,1,0,0,0,0,0,1,2.5,27.0,5.0,5.0,6.0,0.15,0,10.0,2,6.0,16.0,1.12,0.91,0.95,3.0,3.0,1,1,111192,,0.0,20.0,4.0,5.05,4.0,0.18,0.0,2.0,7.0,15.0,1.01,1.01,0.94,3.0,3.0,21.0,14.0,-7.0
354,4,0,1,1,0,0,0,0,0,3,14.0,7.0,3.0,5.06,4.0,0.25,1,10.0,1,10.5,10.5,0.95,0.86,0.95,2.0,2.0,1,1,111392,,9.0,7.0,3.0,5.05,13.0,0.23,0.0,1.0,10.5,10.5,1.0,0.85,0.94,2.0,2.0,20.5,15.5,-5.0
356,4,0,1,1,0,0,0,0,0,3,11.5,10.0,4.0,5.05,13.0,,1,0.0,1,10.5,11.5,0.95,0.8,1.06,2.0,2.0,1,1,111492,,0.0,28.0,4.0,5.05,17.0,0.15,1.0,1.0,10.5,11.5,1.0,0.85,1.05,2.0,2.0,20.5,18.0,-2.5
357,4,0,1,0,0,1,0,0,0,1,4.5,20.0,3.0,5.0,16.0,0.2,0,100.0,1,10.5,11.5,0.95,0.86,0.95,2.0,2.0,1,1,111392,,21.0,6.0,3.0,5.25,13.0,0.25,0.0,1.0,10.5,12.5,1.0,0.84,2.35,2.0,2.0,17.5,27.0,9.5
371,1,0,1,0,0,1,0,0,0,0,12.0,23.0,4.0,5.0,13.0,0.15,0,100.0,2,7.0,16.0,1.06,1.02,0.95,3.0,3.0,1,1,110792,,11.0,22.0,5.0,5.25,26.0,,0.0,3.0,7.0,16.0,,,,4.0,2.0,27.5,27.0,-0.5
373,1,1,1,0,0,1,0,0,0,0,14.0,12.0,4.0,5.0,4.0,0.25,0,100.0,2,6.5,15.5,1.01,0.95,1.03,6.0,3.0,1,1,110792,,18.0,15.0,4.0,5.05,13.0,0.25,1.0,2.0,6.5,15.5,1.1,0.94,1.02,6.0,5.0,24.0,29.5,5.5
375,1,0,1,0,0,1,0,0,0,3,25.0,10.0,4.0,5.25,26.0,0.25,1,0.0,1,7.0,15.0,1.02,0.8,,4.0,2.0,1,1,111692,1.0,0.0,25.0,4.0,5.5,26.0,0.1,1.0,1.0,7.0,15.0,1.05,0.94,1.01,3.0,3.0,34.0,16.5,-17.5
378,1,1,1,0,0,1,0,0,0,4,10.0,8.0,4.0,5.0,52.0,0.1,0,,2,6.5,18.5,1.1,0.96,1.1,5.0,5.0,1,1,110792,,20.0,15.0,4.0,5.05,52.0,0.25,1.0,2.0,6.0,19.0,1.05,0.99,1.03,6.0,4.0,18.0,31.5,13.5
381,1,0,1,0,0,1,0,0,0,0,10.0,20.0,4.0,5.0,13.0,0.5,1,0.0,2,6.5,16.5,1.27,1.17,1.1,4.0,2.0,1,1,111692,,15.0,15.0,5.0,5.05,8.0,0.47,1.0,2.0,6.5,16.5,1.37,1.16,1.16,4.0,2.0,24.0,27.5,3.5
403,3,1,1,0,0,1,0,0,0,2,13.0,31.0,,5.05,26.0,0.15,0,10.0,2,6.0,18.0,1.09,1.12,1.06,5.0,4.0,1,1,111892,3.0,11.0,23.0,3.0,5.05,13.0,,1.0,2.0,7.0,16.0,1.11,1.06,1.05,4.0,4.0,,25.5,
406,4,1,1,0,0,1,0,0,0,0,12.0,35.0,4.0,5.0,,0.32,0,0.0,1,10.5,11.5,1.02,,2.14,2.0,2.0,1,1,111392,,17.0,22.0,4.0,5.5,13.0,,,1.0,10.5,12.5,0.84,0.94,1.99,2.0,2.0,33.5,32.0,-1.5
407,4,1,1,0,0,1,0,0,0,2,5.0,10.0,2.0,5.75,26.0,0.15,1,0.0,2,11.0,10.5,1.17,1.17,1.38,1.0,1.0,1,1,111392,,8.0,7.0,3.0,5.5,26.0,0.15,0.0,2.0,11.0,10.5,1.05,1.16,2.32,1.0,1.0,12.0,14.5,2.5
409,1,0,1,0,0,1,0,0,0,0,3.0,60.0,2.0,5.0,39.0,,0,0.0,1,7.0,15.0,1.19,0.87,0.95,3.0,3.0,1,1,111792,2.0,0.0,15.0,3.0,5.05,,,0.0,1.0,7.0,15.0,1.09,1.04,1.01,3.0,3.0,35.0,10.5,-24.5
1,1,0,1,0,1,0,0,0,0,0,16.0,30.0,4.0,4.5,,0.25,0,80.0,3,7.0,16.0,0.93,0.83,0.85,4.0,3.0,1,1,110592,,20.0,40.0,4.0,5.05,,,0.0,2.0,7.0,16.0,1.05,0.79,0.9,4.0,3.0,35.0,44.0,9.0
2,1,0,1,0,1,0,0,0,0,0,10.0,6.0,3.0,4.75,26.0,0.5,1,80.0,1,7.0,14.0,1.06,0.91,0.96,2.0,2.0,1,1,110592,,7.5,10.0,3.0,5.25,19.0,0.38,1.0,1.0,7.0,15.0,1.05,1.01,0.94,2.0,2.0,16.0,15.5,-0.5
3,2,0,1,0,1,0,0,0,0,3,6.0,13.0,3.0,4.25,13.0,0.25,1,50.0,2,11.0,10.0,1.06,0.95,3.09,5.0,3.0,1,1,111792,2.0,4.0,7.0,3.0,5.05,26.0,0.25,0.0,1.0,11.0,11.0,1.05,0.94,2.75,5.0,3.0,15.5,10.5,-5.0
4,3,0,1,0,1,0,0,0,0,0,10.0,12.0,3.0,4.75,4.0,0.25,0,50.0,2,9.0,12.5,1.06,1.0,2.13,8.0,4.0,1,1,110592,,5.0,30.0,4.0,5.05,26.0,0.28,0.0,2.0,8.0,13.5,1.22,1.37,0.89,6.0,4.0,19.0,24.0,5.0
5,3,0,1,0,1,0,0,0,0,0,5.0,30.0,4.0,4.5,13.0,0.17,0,,1,6.0,17.0,0.95,,2.13,5.0,4.0,1,1,111892,2.0,10.0,30.0,4.0,5.15,4.0,0.18,0.0,2.0,6.0,17.0,1.05,0.94,0.94,5.0,5.0,24.0,29.0,5.0
8,4,0,1,0,1,0,0,0,0,0,,25.0,4.0,4.8,,0.15,0,,1,10.5,12.0,1.02,0.91,2.28,2.0,1.0,1,1,110592,,15.0,25.0,3.0,5.05,26.0,0.33,0.0,2.0,10.0,13.0,1.01,1.01,0.94,2.0,2.0,,30.5,
9,1,0,1,0,1,0,0,0,0,2,12.0,40.0,4.0,4.37,26.0,0.15,0,35.0,2,7.0,16.0,1.04,0.67,0.85,4.0,4.0,1,1,110592,,0.0,32.0,4.0,5.05,26.0,0.13,0.0,2.0,7.0,16.0,1.11,0.92,1.01,4.0,3.0,36.0,20.0,-16.0
10,1,0,1,0,1,0,0,0,0,0,15.0,20.0,4.0,4.25,39.0,0.17,0,80.0,2,7.0,16.0,1.04,0.85,0.85,3.0,3.0,1,1,110592,,15.0,15.0,4.0,5.05,4.0,0.28,0.0,2.0,7.0,16.0,0.94,0.87,0.94,3.0,2.0,29.0,26.5,-2.5
11,1,0,1,0,1,0,0,0,0,2,10.0,30.0,4.0,4.25,26.0,0.1,0,80.0,2,7.0,16.0,1.09,0.89,0.91,3.0,3.0,1,1,111792,1.0,12.0,24.0,3.0,5.05,,,0.0,2.0,7.0,16.0,1.05,0.87,0.94,3.0,2.0,29.0,27.0,-2.0
12,1,0,1,0,1,0,0,0,0,0,6.5,23.5,3.0,4.37,9.0,0.1,0,100.0,2,7.0,16.0,1.05,0.79,0.91,3.0,3.0,1,1,111892,3.0,15.0,15.0,4.0,5.05,26.0,0.25,0.0,3.0,7.0,16.0,1.01,0.92,0.94,3.0,2.0,21.25,26.5,5.25
13,2,0,1,0,1,0,0,0,0,0,0.0,25.0,3.0,4.5,7.0,0.25,0,100.0,2,11.0,10.0,1.06,0.95,2.66,5.0,4.0,1,1,111792,1.0,2.0,11.0,3.0,5.0,13.0,0.25,0.0,1.0,11.0,11.0,1.01,0.94,2.75,4.0,3.0,15.5,10.5,-5.0
15,3,0,1,0,1,0,0,0,0,3,3.0,25.0,4.0,4.6,9.0,0.15,1,95.0,2,6.0,17.0,1.02,0.98,0.95,5.0,4.0,2,1,121092,5.0,5.0,20.0,3.0,5.05,,0.25,0.0,2.0,6.0,17.0,1.05,1.01,2.0,3.0,3.0,19.5,18.0,-1.5
16,3,0,1,0,1,0,0,0,0,0,6.0,22.0,4.0,4.5,13.0,0.25,0,50.0,2,6.0,17.0,1.0,1.0,,5.0,5.0,1,1,110592,,7.0,17.0,3.0,5.05,19.0,0.25,0.0,2.0,6.0,17.0,1.05,1.01,0.94,5.0,5.0,21.0,18.5,-2.5
17,3,0,1,0,1,0,0,0,0,0,0.0,20.0,4.0,4.37,13.0,0.25,0,60.0,2,6.0,17.0,1.06,1.0,2.02,6.0,5.0,1,1,111692,1.0,4.0,35.0,4.0,5.05,13.0,0.2,0.0,2.0,6.0,17.0,1.05,0.94,0.95,6.0,5.0,14.0,25.5,11.5
18,3,0,1,0,1,0,0,0,0,2,15.0,25.0,3.0,4.25,13.0,,0,50.0,2,6.0,17.0,,,,4.0,4.0,1,1,110592,,8.0,38.0,5.0,5.05,,0.25,1.0,2.0,6.0,17.0,1.05,1.0,0.63,7.0,7.0,30.5,32.0,1.5
19,1,0,1,1,0,0,0,0,0,3,4.0,31.0,4.0,4.25,4.0,0.25,0,50.0,2,6.0,16.0,1.05,0.91,0.93,3.0,3.0,1,1,110592,,6.0,44.0,5.0,5.05,52.0,0.3,0.0,2.0,6.0,16.0,1.04,0.93,0.95,2.0,2.0,23.5,33.0,9.5
21,2,0,1,1,0,0,0,0,0,0,5.0,12.0,3.0,4.45,6.0,0.1,0,90.0,2,10.5,10.5,1.06,0.8,2.13,3.0,3.0,1,1,111492,1.0,0.0,11.0,2.0,5.05,,,0.0,2.0,11.0,10.0,0.94,0.94,2.43,3.0,3.0,14.0,7.5,-6.5
22,3,0,1,1,0,0,0,0,0,2,3.0,15.0,4.0,4.35,26.0,0.12,0,90.0,2,7.0,16.0,1.06,0.84,0.95,4.0,1.0,1,1,110592,,3.0,15.0,2.0,5.05,19.0,0.13,0.0,2.0,7.0,15.0,1.05,1.05,0.94,4.0,4.0,14.5,12.5,-2.0
23,1,0,1,0,0,1,0,0,0,2,0.0,25.0,3.0,4.5,26.0,0.12,0,75.0,2,7.0,16.0,1.06,0.95,0.95,3.0,2.0,1,1,111792,1.0,14.0,14.0,3.0,5.05,,,0.0,1.0,6.5,16.5,1.05,0.94,0.94,3.0,2.0,15.5,24.0,8.5
24,1,0,1,0,1,0,0,0,0,2,15.0,15.0,4.0,4.75,13.0,0.25,1,40.0,2,7.0,16.0,1.06,0.95,1.01,4.0,3.0,2,1,122192,3.0,15.0,20.0,4.0,5.05,52.0,0.15,0.0,2.0,,,1.05,0.94,1.0,4.0,3.0,26.5,29.0,2.5
28,2,0,1,0,0,1,0,0,0,6,0.0,14.0,1.0,4.5,,0.25,0,10.0,2,11.0,10.0,1.06,1.17,2.56,2.0,1.0,1,1,111892,3.0,6.0,2.0,3.0,,,,0.0,1.0,11.0,10.0,,1.05,2.64,3.0,2.0,8.0,10.0,2.0
29,2,0,1,0,0,1,0,0,0,3,0.0,7.0,2.0,4.5,4.0,0.25,0,,2,11.0,11.0,1.06,1.01,2.56,3.0,2.0,1,1,111292,,0.0,13.0,3.0,5.05,26.0,0.25,0.0,1.0,11.0,11.0,1.05,1.05,2.64,3.0,3.0,5.5,9.5,4.0
32,3,0,1,0,0,1,0,0,0,0,10.0,20.5,3.0,4.5,26.0,0.25,0,40.0,2,10.5,11.5,1.12,1.02,1.06,4.0,3.0,1,1,111792,1.0,2.0,25.0,3.0,5.05,26.0,0.23,0.0,2.0,10.5,11.5,1.22,1.11,2.28,4.0,4.0,23.25,17.5,-5.75
34,3,1,1,0,0,1,0,0,0,0,5.0,15.0,3.0,4.95,26.0,,0,75.0,2,10.5,11.5,1.12,1.02,1.06,5.0,3.0,1,1,111392,,11.0,7.0,3.0,5.05,26.0,0.5,0.0,2.0,10.5,11.5,1.22,1.11,0.73,5.0,2.0,15.5,17.5,2.0
35,4,0,1,0,0,1,0,0,0,2,25.0,6.5,4.0,4.5,9.0,0.25,1,,2,10.5,11.5,0.96,0.95,2.13,2.0,2.0,1,1,111992,6.0,13.0,18.0,3.0,5.05,13.0,0.25,0.0,2.0,10.5,11.5,1.03,,,2.0,2.0,32.25,25.0,-7.25
38,1,0,1,0,1,0,0,0,0,0,15.0,20.0,5.0,4.25,17.0,0.15,0,100.0,2,6.0,17.0,1.05,0.95,0.98,3.0,2.0,1,1,111092,,10.0,20.0,6.0,5.05,,0.25,0.0,3.0,6.5,17.5,0.98,0.82,0.76,3.0,2.0,30.0,26.0,-4.0
63,1,1,1,0,0,1,0,0,0,1,26.0,6.0,,4.25,26.0,,0,75.0,2,6.0,18.0,1.1,0.97,1.17,4.0,3.0,1,1,111792,1.0,15.0,10.0,4.0,5.05,26.0,0.1,0.0,2.0,7.0,18.0,1.11,1.01,1.09,4.0,3.0,,24.0,
64,1,0,1,0,0,1,0,0,0,1,20.0,15.0,3.0,4.5,26.0,0.2,0,60.0,3,7.0,16.0,1.06,0.95,0.95,3.0,2.0,1,1,111092,,13.0,13.0,3.0,5.05,26.0,0.25,0.0,2.0,7.0,16.0,1.05,0.95,0.95,3.0,3.0,30.5,22.5,-8.0
65,1,0,1,0,0,1,0,0,0,5,0.0,20.0,4.0,4.8,52.0,0.25,0,90.0,2,6.5,15.5,1.06,0.85,1.11,3.0,3.0,2,2,121592,3.0,,,3.0,5.05,,,,,,,,,,,,14.0,,
66,1,0,1,0,0,1,0,0,0,0,15.0,18.0,3.0,4.25,26.0,0.15,0,20.0,2,7.0,17.0,1.06,0.95,0.95,3.0,2.0,1,1,111092,,26.0,10.0,4.0,5.05,26.0,0.25,1.0,1.0,7.0,17.0,1.05,0.95,0.95,3.0,3.0,27.0,35.0,8.0
67,1,0,1,0,0,1,0,0,0,0,5.0,15.0,6.0,4.5,13.0,0.25,0,55.0,1,8.0,13.5,1.17,1.06,1.17,3.0,2.0,1,1,111092,,4.0,17.5,5.0,5.05,,,0.0,1.0,8.0,13.5,1.32,1.05,1.22,3.0,3.0,18.5,17.75,-0.75
68,1,0,1,0,0,1,0,0,0,1,30.0,10.0,3.0,4.25,14.0,0.05,0,,3,7.0,17.0,1.07,1.02,1.02,3.0,3.0,1,1,111092,,13.0,17.0,3.0,5.05,13.0,0.28,0.0,3.0,7.0,17.0,1.05,0.95,0.95,3.0,1.0,38.0,24.5,-13.5
69,1,0,1,0,0,1,0,0,0,0,0.0,27.0,3.0,4.25,13.0,0.22,0,100.0,2,7.0,18.0,1.17,0.95,0.95,4.0,2.0,1,1,111792,,0.0,27.0,3.0,5.05,13.0,0.2,0.0,2.0,7.0,18.0,1.26,1.01,1.0,4.0,2.0,16.5,16.5,0.0
70,1,0,1,0,0,1,0,0,0,0,35.0,20.0,5.0,4.5,13.0,0.27,0,50.0,1,7.0,16.0,1.06,0.95,1.02,3.0,3.0,1,1,111092,,10.0,30.0,5.0,5.05,4.0,0.23,,1.0,7.0,16.0,1.05,0.95,1.01,3.0,3.0,50.0,30.0,-20.0
71,1,0,1,0,0,1,0,0,0,1,0.0,35.0,3.0,4.75,13.0,0.25,0,100.0,3,7.0,17.0,1.06,0.95,0.95,3.0,2.0,1,1,111692,,29.0,14.0,3.0,5.05,26.0,0.18,1.0,3.0,7.0,17.0,1.05,0.95,0.95,3.0,2.0,20.5,39.0,18.5
73,2,0,1,0,0,1,0,0,0,1,0.0,7.0,3.0,4.25,,0.75,0,40.0,3,11.0,12.0,1.06,1.06,2.45,3.0,2.0,1,1,111792,2.0,14.0,0.0,3.0,5.05,4.0,0.05,0.0,2.0,11.0,11.0,1.05,1.05,2.43,3.0,,6.5,17.0,10.5
75,2,0,1,0,0,1,0,0,0,0,3.0,15.0,3.0,4.25,4.0,0.25,0,0.0,2,11.0,11.0,1.17,1.27,2.77,3.0,3.0,1,1,111292,,4.0,11.0,3.0,5.05,6.0,0.25,1.0,2.0,11.0,11.0,1.16,1.16,2.75,3.0,3.0,13.5,12.5,-1.0
76,3,1,1,0,0,1,0,0,0,0,8.0,32.0,4.0,4.25,26.0,0.2,0,50.0,2,6.0,17.0,1.12,1.02,1.02,6.0,3.0,1,1,111392,,25.0,15.0,6.0,5.05,13.0,0.15,1.0,2.0,6.5,16.5,1.11,1.06,1.05,6.0,3.0,28.0,38.5,10.5
79,3,1,1,0,0,1,0,0,0,4,6.0,25.0,3.0,4.5,26.0,0.15,0,30.0,2,6.0,17.0,1.17,1.02,1.06,5.0,4.0,1,1,111392,,8.0,18.0,3.0,5.05,41.0,0.13,0.0,2.0,7.0,16.0,1.11,1.06,1.05,5.0,4.0,21.5,20.0,-1.5
80,4,0,1,0,0,1,0,0,0,1,4.5,20.0,,4.25,26.0,0.25,0,90.0,2,10.5,11.5,1.06,0.98,1.06,2.0,2.0,1,1,111492,2.0,11.0,14.0,3.0,5.05,13.0,0.1,0.0,2.0,10.5,12.5,1.12,0.98,0.99,2.0,1.0,,21.0,
84,1,0,1,0,1,0,0,0,0,3,4.0,30.0,5.0,4.5,26.0,0.15,0,50.0,2,7.0,16.0,1.04,0.85,0.91,4.0,2.0,1,1,111692,,12.0,30.0,5.0,5.05,52.0,0.2,0.0,2.0,7.0,16.0,1.05,0.9,0.94,3.0,3.0,24.0,32.0,8.0
86,1,0,1,0,1,0,0,0,0,1,11.0,11.0,4.0,4.25,13.0,0.25,0,,3,7.0,15.0,1.06,0.94,1.1,3.0,3.0,1,1,111092,,9.0,12.0,4.0,5.05,4.0,0.13,0.0,3.0,7.0,15.0,1.05,1.05,1.04,3.0,3.0,20.5,19.0,-1.5
87,1,0,1,0,1,0,0,0,1,0,0.0,15.0,,4.5,26.0,,0,,2,7.0,15.0,1.06,0.86,1.02,3.0,3.0,1,1,111092,,0.0,30.0,5.0,5.05,41.0,0.18,0.0,3.0,7.0,15.0,1.0,0.99,1.04,3.0,3.0,,20.0,
88,1,0,1,1,0,0,0,0,0,0,3.0,35.0,3.0,4.25,,,1,75.0,3,7.0,15.0,1.06,0.87,0.91,5.0,5.0,2,1,121892,2.0,4.0,37.0,4.0,5.05,42.0,0.18,0.0,2.0,7.0,15.0,1.05,0.87,0.94,5.0,2.0,23.5,26.5,3.0
91,1,1,1,0,1,0,0,0,1,2,8.0,22.0,4.0,4.25,8.0,0.15,0,100.0,2,7.0,17.0,1.09,0.93,1.04,3.0,3.0,1,1,111792,1.0,0.0,30.0,4.0,5.05,26.0,0.18,0.0,1.0,7.0,17.0,1.11,1.05,1.05,3.0,3.0,23.0,19.0,-4.0
92,1,1,1,0,1,0,0,0,1,0,4.0,18.0,4.0,4.25,13.0,0.75,0,100.0,2,7.0,15.0,1.09,0.95,1.03,3.0,3.0,1,1,111092,,14.0,6.0,3.0,5.05,,0.25,0.0,2.0,7.0,15.0,1.11,1.01,1.05,3.0,3.0,17.0,20.0,3.0
93,1,1,1,0,0,1,0,0,0,0,2.5,30.0,3.0,4.25,52.0,0.15,0,90.0,2,7.0,16.0,,,0.96,,,1,1,111092,,5.0,25.0,5.0,5.05,13.0,0.15,0.0,2.0,7.0,16.0,1.11,1.05,1.05,4.0,3.0,20.5,22.5,2.0
95,2,0,1,0,1,0,0,0,0,1,18.0,3.0,4.0,4.25,26.0,0.27,0,40.0,1,11.0,10.0,1.06,0.8,2.56,4.0,3.0,1,1,111292,,0.0,14.0,3.0,5.05,13.0,0.25,0.0,1.0,11.0,10.0,1.05,0.75,2.53,3.0,3.0,23.5,10.0,-13.5
96,2,0,1,0,0,1,0,0,0,2,0.0,15.0,2.0,4.25,26.0,0.12,0,80.0,2,11.5,10.0,1.06,1.01,2.66,3.0,2.0,1,1,111892,3.0,0.0,15.0,5.0,5.05,26.0,0.15,0.0,2.0,11.5,10.5,1.05,0.94,2.59,4.0,0.0,9.5,12.5,3.0
97,2,0,1,0,1,0,0,0,0,2,0.0,12.0,4.0,4.25,13.0,0.25,1,58.0,2,11.0,10.0,1.02,0.75,2.56,3.0,2.0,1,1,111292,,2.5,11.0,3.0,5.05,13.0,0.3,0.0,2.0,11.0,10.0,1.05,0.8,2.54,3.0,2.0,10.0,11.0,1.0
98,2,0,1,0,1,0,0,0,1,0,0.0,20.0,4.0,4.25,13.0,0.4,0,80.0,3,11.0,10.0,1.06,0.8,2.56,3.0,3.0,1,1,111292,,3.0,13.0,3.0,5.05,13.0,0.45,0.0,1.0,11.0,10.0,1.05,0.9,2.53,3.0,3.0,14.0,12.5,-1.5
99,3,1,1,0,1,0,0,0,1,0,60.0,40.0,5.0,4.75,26.0,0.15,0,50.0,2,0.0,24.0,1.23,,2.3,8.0,6.0,2,1,121892,6.0,30.0,50.0,4.0,5.05,15.0,0.25,1.0,2.0,0.0,24.0,1.22,1.17,2.32,5.0,2.0,85.0,59.0,-26.0
101,3,0,1,0,1,0,0,0,1,3,4.5,15.0,3.0,4.75,26.0,0.15,0,80.0,2,7.0,15.0,1.2,1.18,1.06,6.0,4.0,1,1,111392,,10.0,12.0,3.0,5.05,26.0,0.15,0.0,2.0,7.0,15.0,1.15,1.1,1.05,8.0,3.0,15.0,19.0,4.0
102,3,0,1,1,0,0,0,0,0,2,12.0,13.0,3.0,4.4,52.0,0.2,0,15.0,2,7.0,16.0,1.06,0.91,1.07,6.0,4.0,1,1,111392,,0.0,27.0,2.0,5.05,52.0,0.25,0.0,2.0,7.0,15.0,1.07,1.01,1.05,5.0,5.0,21.5,15.5,-6.0
104,4,0,1,0,1,0,0,0,1,0,40.0,20.0,3.0,4.62,4.0,0.32,1,50.0,2,10.5,11.5,0.95,0.84,0.94,2.0,2.0,1,1,111492,1.0,11.0,10.0,3.0,5.05,26.0,0.08,1.0,2.0,10.5,12.5,1.0,0.84,0.94,2.0,2.0,53.0,19.0,-34.0
105,1,0,1,0,0,1,0,0,0,2,0.0,40.0,4.0,4.25,10.0,,0,50.0,2,6.5,16.5,0.96,1.0,1.03,4.0,2.0,1,1,111092,,0.0,45.0,4.0,5.05,13.0,0.25,0.0,2.0,6.5,16.5,1.05,0.99,1.16,4.0,3.0,24.0,26.5,2.5
106,1,0,1,0,0,1,0,0,0,0,0.0,35.0,3.0,4.25,26.0,0.27,0,65.0,3,7.0,16.0,1.06,0.95,0.95,2.0,1.0,1,1,111092,,2.0,25.0,3.0,5.05,26.0,0.2,0.0,0.0,7.0,16.0,1.05,0.95,0.95,2.0,2.0,20.5,17.5,-3.0
107,1,1,1,0,0,1,0,0,0,0,6.0,11.0,3.0,4.25,8.0,0.32,0,40.0,1,8.0,14.5,1.17,0.95,0.95,3.0,3.0,2,1,123092,9.0,13.5,10.0,2.0,5.05,,,0.0,1.0,8.0,14.0,,1.01,1.0,4.0,2.0,14.5,20.5,6.0
108,1,0,1,0,0,1,0,0,0,2,13.5,15.0,4.0,4.25,26.0,0.37,1,6.0,1,7.0,17.0,1.27,1.01,1.06,3.0,3.0,1,1,111692,,11.0,24.0,5.0,5.05,26.0,0.15,0.0,1.0,7.0,17.0,1.37,1.02,1.05,3.0,3.0,25.0,28.0,3.0
111,3,0,1,0,0,1,0,0,0,0,17.0,14.0,3.0,4.25,2.0,0.42,0,55.0,3,7.0,16.0,1.17,1.06,1.01,5.0,5.0,1,1,111892,1.0,20.0,14.5,3.0,5.05,26.0,,0.0,2.0,7.0,16.0,1.16,1.16,1.0,5.0,4.0,27.0,30.25,3.25
114,1,0,1,0,1,0,0,0,0,2,0.0,35.0,5.0,4.75,26.0,0.57,1,50.0,2,7.0,16.0,1.07,0.95,0.95,3.0,,1,1,111792,1.0,20.0,40.0,4.0,5.25,26.0,0.25,0.0,2.0,6.5,16.5,1.11,0.94,0.94,3.0,3.0,22.5,44.0,21.5
115,1,0,1,0,1,0,0,0,0,0,20.0,25.0,4.0,4.75,4.0,0.3,0,25.0,1,7.0,17.0,1.06,0.95,1.06,4.0,3.0,1,1,111092,,6.0,15.0,4.0,5.05,,,,1.0,7.0,17.0,1.05,0.95,1.01,4.0,4.0,36.5,17.5,-19.0
116,1,0,1,0,1,0,0,0,0,0,4.0,22.5,2.0,4.25,18.0,0.37,0,90.0,2,8.5,13.0,1.49,1.02,1.11,7.0,3.0,1,1,111092,,22.0,12.0,3.0,5.05,13.0,0.45,1.0,2.0,8.5,13.0,1.39,0.95,1.21,8.0,2.0,17.25,31.0,13.75
118,1,0,1,0,0,1,0,0,0,3,10.0,15.0,4.0,4.25,26.0,0.15,0,70.0,2,7.0,15.0,1.06,0.95,1.01,4.0,2.0,1,1,111692,,18.0,20.0,3.0,5.05,26.0,0.38,0.0,2.0,7.0,15.0,1.05,0.94,1.0,4.0,2.0,21.5,31.0,9.5
119,1,0,1,0,0,1,0,0,0,2,12.0,19.0,3.0,4.75,13.0,0.27,1,50.0,3,6.5,16.5,1.06,0.91,0.95,3.0,3.0,1,1,111692,1.0,18.0,13.0,4.0,5.05,26.0,,0.0,3.0,6.5,17.5,1.05,0.89,0.95,3.0,3.0,24.5,28.5,4.0
120,1,1,1,0,1,0,0,0,0,3,0.0,32.0,3.0,4.5,,,0,,2,7.0,16.0,1.13,0.98,1.04,3.0,2.0,1,1,111992,3.0,0.0,30.0,4.0,5.05,,,0.0,2.0,7.0,16.0,1.05,1.05,1.05,3.0,2.0,19.0,19.0,0.0
122,1,0,1,0,0,1,0,0,0,0,1.0,38.0,5.0,4.25,4.0,0.2,0,70.0,1,9.0,12.5,,1.12,1.12,5.0,3.0,1,1,111092,,10.0,50.0,6.0,5.05,26.0,0.1,0.0,1.0,9.0,12.5,1.15,0.94,1.15,6.0,4.0,25.0,41.0,16.0
124,1,0,1,0,1,0,0,0,0,1,8.0,10.0,3.0,4.25,13.0,0.25,0,14.0,2,8.0,15.0,1.06,0.91,1.04,2.0,2.0,1,1,111092,,21.0,6.0,4.0,5.05,13.0,0.5,1.0,3.0,7.0,15.0,1.16,0.94,1.12,2.0,2.0,16.0,28.0,12.0
125,2,0,1,0,1,0,0,0,0,0,15.0,0.0,4.0,4.5,26.0,0.25,0,100.0,1,10.0,12.5,0.91,0.85,2.34,3.0,2.0,1,1,111492,,0.0,15.0,2.0,5.05,52.0,0.4,0.0,1.0,10.0,12.0,1.01,1.01,2.49,4.0,3.0,19.0,9.5,-9.5
130,3,1,1,0,1,0,0,0,0,2,7.0,25.5,3.0,4.5,19.0,0.3,0,15.0,2,5.0,18.0,1.12,1.07,1.0,4.0,3.0,2,1,122192,6.0,2.0,38.0,4.0,5.05,4.0,0.15,0.0,2.0,7.0,16.0,1.11,1.06,1.05,5.0,3.0,22.75,25.0,2.25
132,3,1,1,0,1,0,0,0,0,0,20.0,20.0,5.0,4.5,26.0,0.25,0,80.0,2,0.0,24.0,1.28,1.06,2.3,5.0,3.0,1,1,111692,,15.0,20.0,3.0,5.5,52.0,0.25,0.0,2.0,7.0,14.0,,,,2.0,2.0,35.0,28.0,-7.0
133,3,1,1,0,1,0,0,0,0,0,6.0,16.0,2.0,4.75,26.0,,0,99.0,2,6.0,17.0,1.12,1.07,1.06,4.0,3.0,1,1,111392,,3.0,20.0,3.0,5.05,26.0,,0.0,2.0,7.0,15.0,1.11,1.06,2.11,5.0,3.0,16.0,16.0,0.0
134,3,0,1,0,1,0,0,0,0,2,5.5,25.0,3.0,4.62,,,0,42.0,2,6.0,16.0,1.09,,0.95,4.0,3.0,1,1,111392,,6.0,27.5,3.0,5.05,52.0,0.25,0.0,2.0,6.0,16.0,1.11,1.06,0.94,4.0,3.0,21.0,22.75,1.75
136,3,1,1,0,1,0,0,0,0,2,14.5,14.5,5.0,4.25,21.0,0.27,0,5.0,2,6.0,17.0,1.12,1.07,1.1,5.0,4.0,2,0,121692,3.0,,,,,,,,,7.0,16.0,,,,,,26.75,,
137,3,1,1,0,0,1,0,0,0,3,15.0,25.0,3.0,4.25,26.0,0.15,0,50.0,2,6.0,16.0,1.12,1.06,1.02,6.0,4.0,1,1,111692,1.0,12.0,30.0,5.0,5.05,26.0,0.25,0.0,2.0,7.0,15.0,1.11,1.11,1.05,5.0,3.0,30.5,32.0,1.5
140,4,0,1,0,1,0,0,0,0,0,0.0,40.0,3.0,4.5,26.0,0.37,1,25.0,2,10.5,11.5,0.91,0.86,1.06,2.0,2.0,1,1,111492,,5.0,35.0,5.0,5.67,4.0,0.25,1.0,2.0,10.5,11.5,1.0,0.94,1.05,2.0,2.0,23.0,27.5,4.5
141,4,0,1,0,1,0,0,0,0,0,10.0,15.0,4.0,4.75,13.0,0.27,1,,2,10.5,12.5,1.02,0.91,1.06,2.0,2.0,1,1,111892,2.0,10.0,25.0,3.0,5.05,13.0,0.18,1.0,2.0,10.5,12.5,1.05,0.84,1.34,2.0,2.0,21.5,25.5,4.0
142,4,0,1,0,0,1,0,0,0,0,15.0,35.0,4.0,4.25,26.0,0.15,1,,2,10.0,11.5,1.06,0.95,1.06,2.0,2.0,1,1,111492,,40.0,31.0,5.0,5.05,26.0,0.18,0.0,2.0,10.0,11.5,1.01,0.89,1.26,2.0,2.0,36.5,60.5,24.0
146,1,0,1,0,0,1,0,0,0,3,8.0,20.0,5.0,4.8,26.0,0.25,1,,2,7.0,16.0,1.06,1.0,1.06,4.0,3.0,1,1,111092,,0.0,32.0,4.5,5.05,26.0,0.17,0.0,2.0,7.0,16.0,1.05,0.99,1.05,4.0,3.0,23.0,20.5,-2.5
149,1,0,1,0,0,1,0,0,0,1,0.0,20.0,4.0,4.5,26.0,0.27,0,50.0,3,7.0,16.0,1.06,0.95,0.95,2.0,1.0,1,1,111092,,8.0,10.0,3.0,5.05,26.0,0.25,0.0,2.0,7.0,16.0,1.05,0.94,0.94,2.0,2.0,14.0,16.0,2.0
150,1,0,1,0,0,1,0,0,0,2,0.0,27.5,3.5,4.67,26.0,0.27,1,2.0,2,7.0,16.0,1.23,0.89,0.89,3.0,3.0,2,1,123192,8.0,12.0,20.0,3.0,5.75,28.0,0.58,0.0,2.0,7.0,15.0,1.11,0.88,0.88,3.0,2.0,17.25,25.0,7.75
156,1,0,1,0,0,1,0,0,0,0,8.0,15.0,3.0,4.87,6.0,0.25,0,0.0,1,7.0,15.0,1.06,0.95,1.02,8.0,3.0,1,1,111092,,2.0,18.0,2.0,5.05,,0.3,0.0,2.0,7.0,15.0,0.95,0.94,1.01,3.0,,18.5,13.0,-5.5
158,2,0,1,0,0,1,0,0,0,1,2.0,7.0,3.0,4.5,4.0,0.12,0,55.0,1,11.0,10.0,0.92,0.7,2.34,3.0,3.0,1,1,111192,,3.0,4.0,4.0,5.05,13.0,0.25,0.0,1.0,11.0,11.5,0.95,0.94,2.49,3.0,2.0,8.5,9.0,0.5
159,2,0,1,0,0,1,0,0,0,8,6.0,12.0,2.0,4.5,4.0,0.12,0,22.0,1,10.5,10.5,0.98,0.85,2.34,3.0,3.0,1,1,111492,,10.0,5.0,4.0,5.25,13.0,0.25,0.0,1.0,10.5,11.5,0.95,0.84,2.49,4.0,3.0,14.0,16.5,2.5
162,3,1,1,0,0,1,0,0,0,2,0.0,40.0,3.0,4.75,26.0,0.17,0,45.0,2,6.0,16.5,1.12,1.02,1.06,,1.0,1,1,111292,,3.0,30.0,3.0,5.05,26.0,0.18,0.0,2.0,7.0,15.5,1.11,1.01,1.05,6.0,5.0,23.0,21.0,-2.0
166,4,0,1,0,0,1,0,0,0,0,8.0,32.0,5.0,4.75,26.0,0.25,1,40.0,2,10.5,11.5,0.95,0.85,1.06,2.0,2.0,1,1,111392,1.0,0.0,35.0,4.0,5.05,26.0,0.18,0.0,2.0,10.5,12.5,1.11,0.84,1.26,2.0,2.0,29.0,21.5,-7.5
168,1,0,1,0,0,1,0,0,0,0,5.0,20.0,4.0,4.25,4.0,0.25,1,50.0,1,7.0,15.0,1.06,0.95,0.95,3.0,3.0,1,1,111692,,0.0,32.0,4.0,5.25,10.0,0.18,0.0,1.0,6.0,16.0,1.11,0.95,1.14,3.0,1.0,19.0,20.0,1.0
171,1,1,1,0,0,1,0,0,1,0,2.0,32.0,3.0,4.25,8.0,0.25,0,,2,7.0,16.0,1.09,0.95,1.04,3.0,3.0,1,1,111092,,10.0,12.5,5.0,5.05,4.0,0.1,1.0,2.0,7.0,16.0,1.18,1.04,1.03,3.0,3.0,21.0,21.25,0.25
172,1,0,1,0,0,1,0,0,0,0,0.0,24.0,5.0,4.75,13.0,0.25,0,0.3,1,9.0,12.5,1.12,1.02,1.06,5.0,4.0,1,1,111692,2.0,7.0,23.0,3.0,5.05,8.0,0.18,0.0,1.0,9.0,13.0,1.11,1.01,1.05,6.0,3.0,17.0,21.5,4.5
173,1,0,1,0,0,1,0,0,0,3,6.0,40.0,10.0,4.85,26.0,0.15,0,50.0,2,6.5,17.5,1.06,0.95,0.98,4.0,3.0,1,1,111792,1.0,11.0,30.0,5.0,5.05,26.0,0.15,0.0,2.0,6.0,18.0,1.05,0.94,1.04,4.0,3.0,36.0,31.0,-5.0
174,1,0,1,0,0,1,0,0,1,2,11.0,20.0,4.0,4.75,26.0,0.15,0,50.0,2,7.0,16.0,1.18,0.88,0.98,4.0,3.0,1,1,111092,,20.0,20.0,3.0,5.05,4.0,0.2,0.0,2.0,7.0,16.0,1.05,0.9,0.98,3.0,3.0,25.0,33.0,8.0
176,1,0,1,0,0,1,0,0,0,0,15.0,21.0,4.0,4.62,13.0,0.12,0,20.0,1,7.0,16.0,1.06,,1.05,4.0,4.0,1,1,111792,1.0,20.0,27.5,4.0,5.05,,,0.0,2.0,7.0,16.0,1.04,1.06,,,,29.5,37.75,8.25
178,2,1,1,0,0,1,0,0,1,0,13.0,12.0,3.0,4.25,52.0,0.2,1,96.0,1,11.0,10.0,0.91,0.85,2.34,3.0,2.0,1,1,111191,,1.0,10.0,3.0,5.05,26.0,0.25,1.0,1.0,11.0,10.5,1.01,0.94,2.64,3.0,2.0,22.0,9.0,-13.0
179,2,0,1,0,0,1,0,0,0,2,2.0,12.0,3.0,4.25,13.0,0.25,1,90.0,1,10.5,10.5,0.91,0.91,2.34,3.0,3.0,1,1,111892,3.0,2.0,10.0,4.0,5.05,26.0,0.2,0.0,1.0,10.5,11.0,0.94,0.84,2.49,3.0,3.0,11.0,11.0,0.0
180,2,0,1,0,0,1,0,0,1,0,8.0,3.0,4.0,4.5,26.0,0.25,0,30.0,2,11.0,11.0,1.06,1.01,2.66,4.0,2.0,1,1,111192,,0.0,17.5,4.0,5.05,,,0.0,2.0,11.0,12.0,1.05,1.05,2.85,4.0,4.0,13.5,12.75,-0.75
182,2,0,1,1,0,0,0,0,1,0,3.0,15.0,3.0,4.5,4.0,0.25,1,100.0,2,11.0,11.0,1.06,1.01,2.66,4.0,3.0,1,1,111192,,0.0,15.0,3.0,5.05,26.0,0.25,0.0,2.0,11.5,10.0,1.05,1.0,2.73,4.0,3.0,13.5,10.5,-3.0
183,2,0,1,0,0,1,0,0,0,0,12.0,4.0,4.0,4.62,20.0,0.33,0,100.0,3,11.0,11.0,1.06,1.01,2.66,4.0,3.0,1,1,111892,4.0,15.0,10.0,2.0,5.05,13.0,0.25,0.0,2.0,11.0,10.5,1.05,1.0,2.75,4.0,3.0,18.0,22.0,4.0
185,2,0,1,0,1,0,0,0,1,0,2.0,9.0,3.0,4.5,13.0,0.2,0,100.0,2,11.0,10.5,1.06,1.01,2.66,4.0,4.0,1,1,111192,,2.0,6.0,3.0,5.05,26.0,0.25,1.0,1.0,11.0,10.5,1.05,1.0,2.75,3.0,3.0,9.5,8.0,-1.5
186,3,0,1,0,0,1,0,0,0,3,10.0,20.0,4.0,4.75,26.0,0.15,1,50.0,2,6.0,16.0,1.12,1.02,0.95,5.0,3.0,1,1,111892,3.0,12.0,18.0,4.0,5.05,26.0,,0.0,2.0,6.0,16.0,1.17,1.06,0.95,5.0,3.0,24.0,25.0,1.0
189,3,0,1,0,0,1,0,0,0,0,4.0,15.0,3.0,4.75,39.0,0.2,0,95.0,2,7.0,15.0,1.12,1.07,1.12,4.0,2.0,1,1,111292,,0.0,19.0,3.0,5.05,52.0,0.2,0.0,2.0,7.0,15.0,1.11,1.06,1.05,5.0,3.0,14.5,12.5,-2.0
192,4,0,1,0,0,1,0,0,0,2,20.0,10.0,4.0,4.87,26.0,0.17,1,10.0,2,10.0,12.0,0.91,0.85,1.06,2.0,2.0,1,1,111392,,4.5,30.0,3.0,5.25,19.0,0.18,0.0,2.0,10.5,12.5,1.05,0.84,1.26,2.0,2.0,29.0,22.5,-6.5
193,4,0,1,0,0,1,0,0,1,3,1.0,13.0,3.0,4.5,13.0,0.12,1,,2,10.0,11.0,0.95,0.85,0.99,2.0,1.0,1,1,111792,2.0,4.0,9.0,3.0,5.05,26.0,0.13,1.0,2.0,9.0,13.0,1.01,0.9,1.26,2.0,1.0,10.5,11.5,1.0
195,4,0,1,0,0,1,0,0,1,3,0.0,30.0,3.0,4.25,26.0,,1,100.0,2,10.5,11.5,1.06,0.85,1.06,2.0,2.0,1,1,111892,2.0,8.0,25.0,3.0,5.05,26.0,0.15,0.0,2.0,10.5,12.5,0.94,0.84,2.11,2.0,2.0,18.0,23.5,5.5
198,1,0,1,0,0,1,0,0,0,0,,,4.0,4.25,4.0,0.12,1,65.0,3,7.0,16.0,1.06,0.95,0.95,3.0,3.0,1,1,111792,8.0,10.0,32.0,4.0,5.05,26.0,0.15,0.0,2.0,7.0,16.0,1.05,0.94,0.94,3.0,3.0,,30.0,
199,2,0,1,0,0,1,0,0,0,0,0.0,12.0,3.0,4.35,,0.12,0,25.0,1,11.0,10.0,0.85,0.8,2.34,4.0,3.0,1,1,111192,,11.0,3.0,4.0,5.05,2.0,0.45,,1.0,11.0,10.5,0.91,0.9,2.45,4.0,3.0,9.0,16.5,7.5
200,1,0,1,0,0,1,0,0,0,0,0.0,60.0,3.0,4.25,9.0,0.2,1,15.0,2,6.0,18.0,1.06,0.91,0.98,4.0,3.0,1,1,111092,,5.0,40.0,4.0,5.05,52.0,0.25,0.0,2.0,6.5,17.5,1.05,0.94,0.98,5.0,4.0,33.0,29.0,-4.0
201,1,0,1,0,0,1,0,0,0,0,0.0,33.0,3.0,4.5,26.0,0.35,0,65.0,2,7.0,17.0,1.06,1.02,0.95,3.0,3.0,1,1,111092,,16.0,22.0,3.0,5.05,26.0,0.28,1.0,1.0,7.0,17.0,1.05,0.95,0.95,3.0,3.0,19.5,30.0,10.5
202,1,0,1,0,0,1,0,0,0,2,30.0,14.0,4.0,4.25,4.0,0.37,1,15.0,2,6.0,19.0,1.17,0.95,0.63,3.0,3.0,1,1,111692,,13.0,11.0,4.0,5.05,4.0,0.08,0.0,3.0,6.0,19.0,1.15,0.95,0.64,3.0,3.0,41.0,22.5,-18.5
203,1,0,1,0,0,1,0,0,0,2,9.0,12.0,2.0,4.25,26.0,0.15,0,50.0,2,7.0,17.0,1.06,0.95,0.95,3.0,3.0,1,1,111092,,4.0,34.0,3.0,5.05,26.0,0.18,0.0,0.0,7.0,17.0,1.05,0.95,0.95,3.0,2.0,17.0,24.0,7.0
204,1,0,1,0,0,1,0,0,0,0,10.0,8.5,4.0,4.25,13.0,0.27,0,31.0,2,6.5,17.5,1.06,1.0,1.06,3.0,3.0,1,1,111092,,12.0,13.5,3.0,5.05,13.0,0.25,0.0,2.0,6.5,17.5,1.05,0.99,1.05,3.0,2.0,18.25,21.75,3.5
207,2,1,1,0,0,1,0,0,0,0,8.0,10.0,4.0,4.75,8.0,0.25,0,25.0,1,11.0,12.0,1.06,0.85,2.34,4.0,2.0,1,1,111192,,8.5,6.0,2.0,5.2,52.0,0.5,1.0,1.0,11.0,12.0,1.05,0.84,2.32,5.0,3.0,17.0,13.5,-3.5
208,3,1,1,0,0,1,0,0,0,1,12.0,32.0,4.0,4.62,26.0,0.15,0,95.0,2,6.0,17.0,1.19,0.94,0.85,4.0,4.0,1,1,111792,2.0,5.0,32.0,3.0,5.05,26.0,,0.0,2.0,8.0,14.0,1.06,1.06,1.05,5.0,5.0,32.0,24.0,-8.0
209,3,1,1,0,0,1,0,0,0,0,4.0,36.0,4.0,4.25,26.0,0.12,0,75.0,2,6.0,18.0,1.17,0.95,0.95,5.0,5.0,1,1,111192,,6.0,37.0,4.0,5.05,26.0,0.2,0.0,2.0,7.0,16.0,1.11,1.06,1.05,5.0,5.0,26.0,28.5,2.5
210,4,1,1,0,0,1,0,0,0,3,0.0,19.0,2.0,4.5,13.0,0.17,1,90.0,2,10.5,11.5,1.06,0.95,0.95,4.0,2.0,1,1,111392,,0.0,14.0,3.0,5.05,13.0,0.2,0.0,2.0,10.0,11.0,,,,4.0,,11.5,10.0,-1.5
211,1,0,1,1,0,0,0,0,0,2,3.0,28.0,4.0,4.5,13.0,,0,80.0,2,7.0,15.0,1.02,0.95,0.95,3.0,3.0,1,1,111692,,2.0,35.0,4.0,5.05,4.0,,0.0,2.0,7.0,15.0,,0.9,,3.0,2.0,21.0,23.5,2.5
212,1,0,1,1,0,0,0,0,0,0,11.0,17.5,3.0,4.5,13.0,0.17,0,95.0,1,7.0,16.0,1.06,0.88,0.84,3.0,2.0,1,1,111092,,20.0,15.0,3.0,5.05,4.0,0.53,1.0,2.0,7.0,16.0,1.05,0.94,0.89,2.0,2.0,22.75,30.5,7.75
213,1,1,1,1,0,0,0,0,0,1,4.5,20.0,4.0,4.55,4.0,0.15,0,50.0,2,6.5,17.5,0.96,0.93,0.93,4.0,3.0,2,1,121892,2.0,12.0,17.5,4.0,5.05,19.0,0.15,1.0,2.0,6.5,17.5,1.05,0.94,0.94,4.0,3.0,18.5,24.75,6.25
214,1,0,1,1,0,0,0,0,0,0,2.0,30.0,3.0,4.62,6.5,0.25,0,75.0,2,7.0,16.0,1.02,0.89,0.91,2.0,2.0,1,1,111892,1.0,0.0,35.0,5.0,5.05,,,0.0,2.0,6.75,16.25,1.04,0.93,0.96,3.0,2.0,20.0,22.5,2.5
215,1,0,1,1,0,0,0,0,0,0,10.0,10.0,3.0,4.5,13.0,0.2,0,100.0,2,7.0,16.0,1.06,0.89,0.91,3.0,3.0,1,1,111092,,20.0,10.0,3.0,5.05,26.0,0.15,0.0,3.0,7.0,16.0,0.93,0.84,0.93,3.0,3.0,18.0,28.0,10.0
216,2,0,1,1,0,0,0,0,0,0,2.0,11.0,3.0,4.25,13.0,0.15,0,100.0,1,11.0,10.5,1.06,0.95,2.77,4.0,3.0,1,1,111192,,2.0,18.0,3.0,5.05,13.0,0.2,0.0,2.0,11.0,10.5,1.05,0.94,2.75,5.0,3.0,10.5,14.0,3.5
217,2,1,1,1,0,0,0,0,0,0,2.0,13.0,2.0,4.25,13.0,0.17,0,73.0,1,11.0,10.0,0.95,0.74,2.19,4.0,3.0,1,1,111192,,0.0,12.0,3.0,5.05,26.0,0.2,0.0,1.0,10.5,10.5,0.94,0.73,2.32,4.0,4.0,10.5,9.0,-1.5
218,2,1,1,1,0,0,0,0,0,0,7.0,4.0,2.0,4.35,26.0,0.25,0,5.0,1,11.0,10.0,0.85,0.74,2.34,3.0,2.0,1,1,111192,,5.0,3.0,3.0,5.05,26.0,0.25,0.0,1.0,11.0,11.0,0.95,0.73,2.19,3.0,3.0,11.0,9.5,-1.5
219,2,1,1,1,0,0,0,0,0,0,3.0,9.0,3.0,4.25,19.0,0.12,0,50.0,2,11.0,10.0,0.91,0.74,2.34,4.0,3.0,1,1,111192,,9.0,9.0,2.0,5.05,26.0,0.18,0.0,1.0,10.5,10.5,0.94,0.73,2.53,,,10.5,15.5,5.0
220,2,0,1,1,0,0,0,0,0,4,3.0,15.0,2.0,4.25,13.0,0.25,0,50.0,2,11.0,10.0,1.06,0.95,2.77,5.0,3.0,1,1,111492,1.0,3.0,12.0,3.0,5.05,13.0,0.13,0.0,1.0,11.0,10.0,1.09,0.9,2.75,4.0,3.0,12.5,12.0,-0.5
221,2,0,1,1,0,0,0,0,0,0,1.0,28.0,3.0,4.6,13.0,0.25,0,95.0,1,11.0,11.0,1.02,0.95,2.56,4.0,3.0,1,1,111192,,1.0,15.0,3.0,5.05,13.0,0.15,0.0,1.0,11.0,11.0,1.05,0.94,2.53,4.0,3.0,18.0,11.5,-6.5
222,3,1,1,1,0,0,0,0,0,3,2.0,24.0,3.0,4.25,13.0,0.25,0,75.0,2,9.0,12.5,1.12,0.85,1.06,3.0,1.0,1,1,111192,,2.0,15.0,3.0,5.05,26.0,0.2,0.0,2.0,10.0,11.5,1.01,1.01,0.89,3.0,1.0,17.0,12.5,-4.5
223,3,1,1,1,0,0,0,0,0,2,3.0,18.0,3.0,4.75,13.0,0.25,0,30.0,2,6.0,16.0,,,,3.0,2.0,2,1,121892,2.0,3.0,20.0,3.0,5.05,28.0,0.25,0.0,2.0,7.0,15.0,1.01,1.01,0.94,3.0,2.0,15.0,16.0,1.0
225,3,1,1,1,0,0,0,0,0,0,3.0,27.0,3.0,4.75,13.0,0.2,0,25.0,2,6.0,17.0,1.06,0.91,0.91,6.0,3.0,1,1,111192,,12.0,25.0,4.0,5.05,4.0,0.1,0.0,2.0,6.0,17.0,1.01,1.01,0.94,5.0,3.0,19.5,28.5,9.0
226,4,0,1,1,0,0,0,0,0,0,0.0,22.0,2.0,4.25,13.0,0.25,0,60.0,1,10.5,11.5,0.95,0.71,0.95,2.0,2.0,1,1,111792,1.0,0.0,26.0,2.0,5.3,52.0,0.15,0.0,1.0,10.5,10.5,1.0,0.85,0.94,2.0,2.0,13.0,15.0,2.0
228,4,0,1,1,0,0,0,0,0,0,3.0,28.5,3.0,4.5,13.0,0.2,1,20.0,3,10.5,12.5,0.95,0.86,0.95,2.0,2.0,1,1,111392,,11.0,19.0,3.0,5.05,,,0.0,1.0,10.5,12.5,1.0,0.84,0.89,2.0,,20.25,23.5,3.25
229,1,0,1,0,0,1,0,0,0,2,3.0,40.0,3.0,4.5,26.0,0.1,0,30.0,2,8.5,13.5,0.95,0.95,1.06,5.0,4.0,1,1,111692,,22.0,11.0,3.0,5.5,26.0,0.15,1.0,2.0,8.5,13.5,1.01,0.94,0.94,4.0,3.0,26.0,30.5,4.5
230,1,0,1,0,0,1,0,0,0,0,0.0,25.0,3.0,4.25,26.0,0.1,0,60.0,1,7.0,17.0,1.02,0.95,0.95,3.0,2.0,1,1,111692,,15.0,17.0,3.0,5.05,26.0,0.18,0.0,1.0,7.0,17.0,1.05,0.94,0.94,3.0,2.0,15.5,26.5,11.0
232,1,0,1,0,0,1,0,0,0,3,18.0,6.0,3.0,4.75,26.0,0.12,1,46.0,3,7.0,16.0,1.06,0.95,0.95,3.0,3.0,1,1,111892,3.0,18.0,10.0,4.0,5.05,13.0,0.25,0.0,2.0,7.0,15.0,1.05,0.95,0.95,3.0,2.0,24.0,27.0,3.0
233,1,0,1,0,0,1,0,0,0,0,19.0,7.0,3.0,4.65,13.0,0.32,0,10.0,2,7.0,16.0,1.17,0.95,0.95,2.0,2.0,1,1,111092,,15.0,7.0,3.0,5.05,26.0,0.25,0.0,2.0,7.0,16.0,1.05,0.94,0.94,2.0,2.0,25.5,21.5,-4.0
235,1,0,1,0,0,1,0,0,0,2,5.0,17.0,1.0,4.25,26.0,0.21,0,100.0,2,7.0,16.0,1.02,0.95,1.04,3.0,2.0,2,1,121592,4.0,,28.0,3.0,5.05,28.0,0.5,1.0,2.0,8.0,15.0,1.11,1.11,1.03,4.0,2.0,14.5,,
237,1,0,1,0,0,1,0,0,0,2,12.0,11.0,4.0,4.25,13.0,0.25,0,50.0,2,7.0,16.0,1.11,0.95,1.01,2.0,2.0,1,1,110992,,9.0,17.0,4.0,5.05,4.0,0.2,0.0,2.0,7.0,15.5,0.94,0.94,1.0,2.0,2.0,21.5,21.5,0.0
238,2,1,1,0,0,1,0,0,0,2,0.0,22.0,3.0,4.75,9.0,0.12,0,100.0,1,11.0,12.0,1.06,1.02,2.34,5.0,3.0,1,1,111192,,25.0,15.0,5.0,5.05,13.0,0.25,1.0,1.0,11.0,12.0,1.05,1.05,2.32,5.0,3.0,14.0,37.5,23.5
239,2,0,1,0,0,1,0,0,0,1,15.0,4.0,3.0,4.25,13.0,0.25,0,35.0,1,10.5,13.5,1.05,0.95,2.74,5.0,3.0,1,1,111292,,0.0,19.0,2.0,5.05,26.0,0.28,0.0,1.0,10.5,12.5,1.05,0.84,2.32,5.0,3.0,20.0,11.5,-8.5
243,3,1,1,0,0,1,0,0,0,0,7.0,25.0,3.0,4.5,8.0,0.25,0,40.0,2,6.0,16.5,1.07,1.02,0.74,6.0,3.0,1,1,111192,,7.0,22.0,3.0,5.05,26.0,0.1,0.0,2.0,7.0,15.5,1.11,1.06,1.05,6.0,2.0,22.5,21.0,-1.5
244,3,1,1,0,0,1,0,0,0,3,12.0,30.0,3.0,4.25,4.0,0.25,0,40.0,2,6.0,18.0,1.17,1.12,1.02,4.0,3.0,1,1,111192,,16.0,12.0,6.0,5.05,26.0,0.25,0.0,2.0,7.0,17.0,1.11,1.12,1.05,5.0,3.0,30.0,28.0,-2.0
247,4,0,1,0,0,1,0,0,0,3,0.0,40.0,4.0,4.5,13.0,0.1,0,75.0,2,10.5,15.5,1.06,1.05,1.06,2.0,2.0,2,1,121792,7.0,0.0,40.0,4.0,5.05,,,1.0,2.0,10.5,15.5,1.11,1.09,2.07,2.0,2.0,24.0,24.0,0.0
248,4,0,1,0,0,1,0,0,0,2,8.0,16.0,6.0,4.75,13.0,0.37,0,,2,10.0,16.0,1.17,0.95,0.85,2.0,2.0,1,1,111392,,10.0,14.0,6.0,5.05,26.0,0.25,0.0,2.0,10.0,16.0,1.37,0.95,2.03,2.0,1.0,22.0,23.0,1.0
249,1,0,1,1,0,0,0,0,1,1,6.0,6.0,4.0,4.37,4.0,0.25,0,63.0,1,7.0,15.0,1.13,1.06,0.95,3.0,2.0,1,1,110992,,10.0,12.0,3.0,5.05,4.0,0.1,0.0,1.0,7.0,15.0,1.01,1.01,0.94,3.0,2.0,13.0,19.0,6.0
250,2,1,1,1,0,0,0,0,1,2,1.0,4.0,2.0,4.5,13.0,0.3,0,100.0,1,11.0,10.0,0.85,,,4.0,1.0,1,1,111292,,2.0,4.0,3.0,5.05,6.0,0.25,0.0,1.0,11.0,10.0,0.94,0.84,2.52,5.0,3.0,5.0,7.0,2.0
253,3,1,1,1,0,0,0,0,0,0,7.0,7.0,3.0,4.87,52.0,,0,,2,7.0,13.0,1.23,1.06,2.3,2.0,2.0,1,1,111192,,4.0,8.0,6.0,5.05,52.0,0.23,,2.0,7.0,16.0,1.23,1.11,2.28,3.0,2.0,13.5,14.0,0.5
257,1,0,1,1,0,0,0,0,1,2,20.0,10.0,3.0,4.25,39.0,0.2,0,10.0,2,7.0,16.0,1.02,0.88,0.91,2.0,2.0,2,2,121492,2.0,,,,,,,,,,,,,,,,28.0,,
258,1,0,1,1,0,0,0,0,0,0,4.0,22.0,3.0,4.25,8.0,0.15,0,38.0,2,7.0,16.0,1.06,0.92,0.9,3.0,3.0,1,1,110992,,20.0,18.0,3.0,5.05,13.0,,0.0,2.0,6.0,18.0,1.08,0.94,0.84,3.0,3.0,18.0,32.0,14.0
260,1,1,1,1,0,0,0,0,0,2,10.0,20.0,4.0,4.25,4.0,0.17,1,100.0,2,7.0,16.0,1.06,0.93,0.88,4.0,2.0,1,1,110992,,4.0,26.0,5.0,5.05,8.0,0.28,0.0,2.0,7.0,16.0,1.09,0.94,0.93,3.0,3.0,24.0,22.0,-2.0
262,1,0,1,1,0,0,0,0,0,0,7.0,13.0,3.0,4.25,13.0,0.25,0,78.0,2,6.5,16.5,1.06,0.95,1.06,4.0,4.0,1,1,110992,,0.0,22.5,3.0,5.05,,0.25,0.0,2.0,6.5,17.5,1.08,1.02,0.87,3.0,3.0,16.5,14.25,-2.25
264,1,0,1,1,0,0,0,0,0,5,0.0,10.0,2.0,4.25,13.0,0.25,1,60.0,3,7.0,15.0,1.02,0.88,0.91,2.0,2.0,2,1,121492,2.0,0.0,23.0,5.0,5.05,14.0,,0.0,2.0,7.0,16.0,1.05,1.11,0.94,3.0,3.0,7.0,16.5,9.5
265,1,0,1,1,0,0,0,0,0,3,0.0,20.0,1.0,4.25,26.0,0.15,0,100.0,2,7.0,16.0,1.02,0.88,0.94,3.0,3.0,2,3,121492,1.0,0.0,0.0,0.0,,,,,,,,,,,,,11.0,0.0,-11.0
267,1,0,1,1,0,0,0,0,0,0,6.5,20.0,3.0,4.25,26.0,0.22,0,80.0,2,7.0,16.0,0.9,0.8,0.8,3.0,2.0,1,1,110992,,30.0,25.0,5.0,5.05,26.0,0.2,0.0,3.0,7.0,16.0,1.05,0.88,0.91,3.0,2.0,19.5,47.5,28.0
269,2,1,1,1,0,0,0,0,0,0,2.0,10.0,3.0,4.45,13.0,0.12,0,33.0,2,11.0,10.0,0.95,0.69,1.5,4.0,3.0,1,1,111892,3.0,10.0,3.0,4.0,5.05,26.0,0.17,0.0,2.0,11.0,11.0,0.94,0.73,2.32,4.0,3.0,10.0,15.5,5.5
273,2,1,1,1,0,0,0,0,0,0,2.0,14.0,4.0,4.62,13.0,0.2,0,95.0,1,11.0,10.0,0.95,0.74,2.34,4.0,3.0,1,1,111792,2.0,2.0,11.0,3.0,5.05,6.0,0.18,0.0,1.0,11.0,10.0,0.95,0.74,2.32,4.0,3.0,13.0,10.5,-2.5
275,2,1,1,1,0,0,0,0,0,0,4.0,4.0,4.0,4.25,9.0,0.25,0,38.0,2,11.0,11.0,0.95,0.79,2.34,4.0,3.0,1,1,111492,2.0,1.0,8.0,2.0,5.05,13.0,0.39,0.0,1.0,11.0,10.5,0.94,0.73,2.32,4.0,2.0,10.0,7.0,-3.0
277,2,1,1,1,0,0,0,0,0,0,2.0,15.0,3.0,4.25,9.0,0.25,0,10.0,3,11.0,10.0,0.95,0.85,2.34,3.0,3.0,1,1,111492,1.0,1.0,14.0,3.0,5.05,,,0.0,1.0,11.0,10.0,0.94,0.73,2.32,3.0,3.0,12.5,11.0,-1.5
278,2,1,1,1,0,0,0,0,0,0,3.0,4.0,3.0,4.25,3.0,0.25,0,43.0,2,11.0,10.0,0.95,0.74,2.19,4.0,3.0,1,1,111392,,0.0,9.0,4.0,5.05,,,0.0,1.0,11.0,11.0,0.95,0.73,2.32,5.0,3.0,8.0,8.5,0.5
282,3,1,1,1,0,0,0,0,0,2,2.0,14.0,3.0,4.25,13.0,0.13,0,25.0,2,6.0,16.0,1.06,0.91,0.79,4.0,3.0,2,3,121492,1.0,0.0,0.0,0.0,,,,,,,,,,,,,12.0,0.0,-12.0
284,3,1,1,1,0,0,0,0,0,1,5.0,23.0,4.0,4.5,13.0,0.25,1,88.0,2,6.0,16.0,1.02,0.91,0.91,5.0,4.0,1,1,111692,1.0,6.0,12.0,3.0,5.05,26.0,0.28,0.0,2.0,6.0,16.0,1.01,1.01,0.94,4.0,3.0,20.5,15.0,-5.5
285,3,1,1,1,0,0,0,0,0,1,3.0,25.0,3.0,4.75,4.0,0.25,0,70.0,2,6.0,16.0,1.02,0.91,0.8,4.0,2.0,1,1,111292,,3.0,15.0,3.0,5.05,52.0,0.13,0.0,2.0,6.0,16.0,1.01,1.01,1.01,4.0,2.0,18.5,13.5,-5.0
286,3,1,1,1,0,0,0,0,0,4,1.0,15.0,3.0,4.75,13.0,0.25,0,66.0,2,10.0,11.5,1.12,,0.95,2.0,1.0,1,1,111692,1.0,2.0,15.0,3.0,5.05,26.0,0.18,0.0,2.0,10.0,11.5,1.02,1.01,0.94,2.0,1.0,11.5,12.5,1.0
287,3,1,1,1,0,0,0,0,0,2,3.0,18.0,3.0,4.5,13.0,0.17,0,70.0,2,6.0,16.0,1.06,0.91,0.95,5.0,3.0,1,1,111292,,2.0,15.0,3.0,5.05,4.0,0.15,0.0,2.0,6.0,16.0,1.01,1.01,0.94,5.0,3.0,15.0,12.5,-2.5
288,3,1,1,1,0,0,0,0,0,3,0.0,20.0,3.0,4.75,,0.25,0,15.0,2,6.0,16.0,1.02,0.95,0.95,6.0,4.0,1,1,111292,,5.0,9.0,3.0,5.05,19.0,0.15,0.0,2.0,6.0,16.0,1.01,1.01,0.89,5.0,2.0,13.0,12.5,-0.5
289,3,1,1,1,0,0,0,0,0,2,2.0,12.0,2.0,4.25,13.0,0.2,0,50.0,2,6.0,16.0,1.02,0.95,0.95,5.0,3.0,1,1,111292,,3.0,10.0,2.0,5.05,26.0,0.25,0.0,2.0,7.0,15.0,1.01,1.01,2.0,6.0,3.0,10.0,10.0,0.0
290,4,0,1,1,0,0,0,0,0,1,8.0,12.0,3.0,4.75,26.0,0.1,0,35.0,3,10.5,12.5,0.95,0.89,0.95,2.0,2.0,1,1,111392,1.0,0.0,23.0,2.0,5.05,,,0.0,1.0,10.5,11.5,1.0,0.85,0.94,2.0,2.0,17.0,13.5,-3.5
291,4,0,1,1,0,0,0,0,0,0,4.0,20.0,3.0,4.55,16.0,0.12,0,25.0,1,10.5,11.5,0.95,0.86,0.95,2.0,2.0,1,1,111392,,5.0,16.0,3.0,5.1,17.0,0.1,1.0,2.0,10.5,11.5,1.0,0.85,0.94,2.0,2.0,17.0,16.0,-1.0
292,4,0,1,1,0,0,0,0,1,2,10.0,15.0,3.0,4.8,26.0,0.12,0,2.0,1,7.0,16.0,0.95,0.92,0.95,2.0,1.0,1,1,111392,,15.0,11.0,3.0,5.05,52.0,0.25,1.0,1.0,7.0,16.0,1.0,0.84,2.69,2.0,2.0,20.5,23.5,3.0
295,1,0,1,0,0,1,0,0,0,3,8.0,9.0,3.0,4.75,26.0,0.12,0,100.0,2,6.5,16.5,1.06,0.95,0.95,3.0,3.0,2,1,121592,1.0,,21.0,4.0,5.05,28.0,0.18,0.0,2.0,6.0,18.0,1.05,0.94,0.94,3.0,3.0,15.5,,
297,1,1,1,0,0,1,0,0,0,1,9.0,15.0,3.0,4.25,13.0,0.05,0,100.0,2,7.0,16.0,1.06,0.91,0.98,3.0,3.0,1,1,111792,2.0,15.0,30.0,4.0,5.05,26.0,0.15,0.0,2.0,7.0,16.0,1.05,0.94,0.98,3.0,2.0,19.5,34.0,14.5
303,3,1,1,0,0,1,0,0,0,0,10.0,35.0,3.0,4.35,26.0,0.27,1,28.0,2,6.0,17.0,1.12,1.0,1.02,6.0,5.0,1,1,111692,,12.0,35.0,3.0,5.05,13.0,0.15,0.0,2.0,7.0,16.0,1.05,1.05,1.05,5.0,3.0,30.5,32.5,2.0
304,3,0,1,0,0,1,0,0,0,3,10.0,20.0,3.0,4.5,26.0,0.37,0,50.0,2,6.0,17.0,1.27,1.27,2.24,5.0,3.0,1,1,111292,,10.0,15.0,4.0,5.05,26.0,0.38,1.0,1.0,0.0,24.0,1.4,1.29,1.05,5.0,5.0,23.0,21.5,-1.5
305,3,1,1,0,0,1,0,0,0,2,0.0,20.0,3.0,4.39,,,0,,2,6.0,17.0,1.27,1.27,1.06,5.0,4.0,1,1,111792,1.0,5.0,22.0,4.0,5.05,2.0,0.35,0.0,1.0,6.0,18.0,1.37,1.31,1.05,5.0,4.0,13.0,20.0,7.0
307,3,1,1,0,0,1,0,0,0,0,17.5,17.5,4.0,4.25,15.0,0.5,0,90.0,2,6.0,18.0,1.19,1.19,1.06,5.0,5.0,1,1,111892,1.0,25.0,25.0,6.0,5.2,,,0.0,2.0,0.0,24.0,1.26,,1.05,5.0,5.0,30.25,43.5,13.25
310,4,0,1,0,0,1,0,0,0,2,0.0,28.0,4.0,4.25,13.0,0.25,1,61.0,2,10.5,11.5,0.91,0.91,1.94,2.0,1.0,1,1,111392,,3.0,23.0,3.0,5.05,26.0,0.3,0.0,2.0,10.5,11.5,0.97,0.9,2.06,2.0,2.0,18.0,17.5,-0.5
312,1,0,1,1,0,0,0,0,1,3,4.0,6.0,3.0,4.25,10.0,0.22,0,100.0,1,8.0,11.0,1.22,1.06,0.93,3.0,1.0,1,1,110992,,3.0,2.0,3.0,5.05,4.0,0.25,0.0,1.0,9.0,10.0,1.26,1.05,1.02,3.0,1.0,10.0,7.0,-3.0
313,1,0,1,1,0,0,0,0,1,0,11.0,9.0,4.0,4.5,4.0,0.25,0,80.0,1,7.0,15.0,1.06,0.93,0.94,3.0,2.0,1,1,110992,,0.0,30.0,,5.05,8.0,0.25,0.0,1.0,7.0,15.0,1.0,1.01,0.89,3.0,3.0,19.5,,
314,1,0,1,1,0,0,0,0,1,8,8.0,12.0,3.0,4.62,4.0,0.25,0,80.0,1,7.0,15.0,1.06,0.95,0.91,3.0,2.0,1,1,110992,,15.0,6.0,4.0,5.25,13.0,0.15,0.0,1.0,6.0,16.0,1.05,0.74,0.94,3.0,3.0,17.0,22.0,5.0
316,1,1,1,1,0,0,0,0,1,0,15.0,15.0,3.0,4.62,8.0,0.25,0,10.0,2,7.0,16.0,1.06,0.92,0.87,3.0,2.0,1,1,111692,,12.0,14.0,3.0,5.05,26.0,0.15,1.0,2.0,7.0,16.0,1.05,0.94,0.94,,,25.5,22.0,-3.5
317,1,0,1,1,0,0,0,0,1,3,0.0,8.0,2.0,4.25,13.0,0.17,0,100.0,1,8.0,12.0,1.22,0.93,0.96,3.0,1.0,1,1,111792,1.0,4.0,0.0,3.0,5.05,8.0,0.13,0.0,1.0,8.0,10.5,1.26,1.05,1.05,2.0,1.0,6.0,7.0,1.0
318,2,0,1,1,0,0,0,0,1,3,5.0,7.0,3.0,4.75,13.0,0.25,1,36.0,2,11.0,12.0,1.23,0.98,2.61,3.0,3.0,1,1,111292,,7.0,6.0,4.0,5.05,13.0,0.5,1.0,1.0,10.5,11.5,1.11,0.95,2.59,3.0,3.0,11.5,14.0,2.5
319,2,0,1,1,0,0,0,0,1,2,0.0,11.0,3.0,4.62,2.5,0.12,1,,2,10.5,12.5,1.06,0.85,3.95,,,1,1,111292,,22.0,4.0,3.0,5.05,13.0,0.25,1.0,1.0,10.5,11.5,0.95,0.9,2.43,4.0,3.0,8.5,27.0,18.5
322,3,1,1,1,0,0,0,0,1,0,8.0,13.0,4.0,4.75,13.0,0.15,0,25.0,2,6.0,16.0,1.06,1.06,1.02,6.0,2.0,1,1,111692,1.0,12.0,5.0,4.0,5.05,13.0,,0.0,2.0,7.0,15.0,0.96,1.01,0.94,6.0,3.0,18.5,18.5,0.0
325,3,1,1,1,0,0,0,0,1,0,4.0,15.0,4.0,4.5,10.0,0.25,0,50.0,2,6.0,15.0,1.09,1.06,0.79,6.0,3.0,1,1,111692,,1.0,15.0,3.0,5.05,26.0,0.1,0.0,2.0,7.0,15.0,1.02,1.01,1.01,6.0,3.0,15.5,11.5,-4.0
333,1,0,1,0,1,0,0,0,0,0,2.0,16.5,4.0,4.25,13.0,0.2,0,100.0,2,7.0,15.0,1.02,0.88,0.82,4.0,,1,1,110992,,3.0,20.0,3.0,5.05,13.0,0.18,0.0,2.0,7.0,15.0,1.04,0.87,0.87,3.0,3.0,14.25,16.0,1.75
336,1,0,1,1,0,0,0,0,0,2,28.0,12.0,4.0,4.5,4.0,0.2,0,80.0,2,7.0,15.0,1.02,0.91,0.93,3.0,2.0,1,1,110992,,10.0,20.0,5.0,5.05,6.0,0.2,0.0,2.0,6.0,16.0,0.95,1.05,0.94,3.0,3.0,38.0,25.0,-13.0
337,1,1,1,1,0,0,0,0,0,0,5.0,29.5,5.0,4.87,,0.3,0,90.0,3,7.0,17.0,1.06,0.93,0.93,4.0,3.0,1,1,110992,,25.0,5.0,3.0,5.05,26.0,,0.0,2.0,7.0,17.0,,,,,,24.75,30.5,5.75
339,1,1,1,1,0,0,0,0,0,2,18.0,6.0,2.0,4.25,26.0,0.37,0,70.0,3,7.0,16.0,1.06,0.85,0.95,3.0,3.0,1,1,111692,,5.0,9.0,2.0,5.05,13.0,0.25,1.0,1.0,7.0,16.0,0.95,0.95,0.95,3.0,3.0,23.0,11.5,-11.5
340,1,0,1,1,0,0,0,0,0,3,6.0,30.0,3.0,4.25,26.0,0.1,0,30.0,2,7.5,14.5,0.96,0.95,0.85,5.0,4.0,1,1,111692,,15.0,17.0,2.0,5.05,8.0,0.15,0.0,2.0,6.0,16.0,1.05,0.84,0.84,5.0,4.0,24.0,25.5,1.5
341,2,1,1,1,0,0,0,0,0,0,2.0,7.0,2.0,4.62,4.0,0.25,0,33.0,1,11.0,9.5,0.95,0.74,2.34,3.0,3.0,1,1,111492,,3.0,7.0,3.0,5.05,,,0.0,1.0,11.0,11.0,0.9,0.84,2.32,4.0,2.0,7.5,9.5,2.0
343,2,1,1,1,0,0,0,0,0,0,10.0,6.0,2.0,4.75,26.0,0.25,0,43.0,2,11.0,10.5,0.95,0.74,2.34,4.0,3.0,1,1,111892,4.0,4.0,11.0,2.0,5.05,6.0,0.15,0.0,2.0,11.0,12.0,0.95,0.85,2.32,4.0,3.0,15.0,11.5,-3.5
346,2,1,1,1,0,0,0,0,0,0,2.0,10.5,2.0,4.25,19.0,0.2,0,,2,11.0,10.0,0.95,,,4.0,3.0,1,1,111292,,3.0,12.0,3.0,,,,0.0,1.0,11.0,11.0,0.85,,,,,9.25,12.0,2.75
348,3,1,1,0,1,0,0,0,0,0,3.0,10.5,3.0,4.25,13.0,0.2,0,75.0,2,10.5,10.5,1.02,1.06,0.95,3.0,2.0,2,3,121892,1.0,0.0,0.0,0.0,,,,,,,,,,,,,11.25,0.0,-11.25
350,3,1,1,1,0,0,0,0,0,0,8.0,9.0,4.0,4.75,13.0,0.37,0,60.0,2,6.0,16.0,1.06,0.91,1.12,5.0,,1,1,111892,1.0,5.0,20.0,2.0,5.05,13.0,0.23,0.0,2.0,6.0,17.0,1.01,1.01,0.89,5.0,4.0,16.5,17.0,0.5
351,3,1,1,1,0,0,0,0,0,1,2.0,27.5,3.0,4.25,,,0,,2,6.0,16.0,1.02,0.9,0.95,4.0,3.0,1,1,111792,2.0,10.0,20.0,4.0,5.05,52.0,0.53,0.0,2.0,6.0,16.0,1.01,1.01,0.73,4.0,2.0,18.75,24.0,5.25
352,3,1,1,0,0,1,0,0,0,0,0.0,19.0,4.0,4.75,8.0,0.25,0,50.0,2,10.0,11.5,1.12,0.91,0.99,2.0,2.0,2,5,122392,9.0,,,,,,,,,,,0.95,0.95,0.89,,,13.5,,
353,3,1,1,1,0,0,0,0,0,0,7.5,22.5,3.0,4.37,13.0,0.22,0,90.0,2,6.0,16.0,1.07,0.85,0.95,5.0,3.0,2,1,121492,4.0,,31.0,4.0,5.05,28.0,,0.0,2.0,6.0,16.0,1.01,1.01,0.89,3.0,3.0,21.75,,
355,4,0,1,0,1,0,0,0,0,0,2.0,17.0,3.0,4.87,26.0,0.15,1,100.0,1,10.5,11.5,0.95,0.92,0.95,2.0,2.0,1,1,111392,,3.0,17.0,2.0,,,,0.0,1.0,10.5,11.5,1.0,0.85,0.89,2.0,2.0,13.5,13.5,0.0
359,1,1,1,1,0,0,0,0,0,1,0.0,22.0,4.0,4.25,26.0,0.17,0,100.0,2,7.0,15.0,1.02,0.85,0.82,3.0,3.0,1,1,111692,,0.0,26.0,4.0,5.05,26.0,0.25,0.0,2.0,7.0,16.0,1.05,0.87,0.82,3.0,2.0,15.0,17.0,2.0
360,1,0,1,1,0,0,0,0,0,0,3.0,25.0,2.0,4.25,13.0,0.15,1,100.0,2,7.0,15.0,1.06,0.84,0.89,3.0,3.0,1,1,111692,,5.0,32.0,7.0,5.05,4.0,0.25,0.0,2.0,7.0,16.0,1.05,0.87,0.82,3.0,3.0,17.5,28.0,10.5
361,1,0,1,1,0,0,0,0,0,0,6.0,13.0,5.0,4.25,26.0,0.22,0,100.0,2,7.0,16.0,1.02,0.91,0.85,3.0,3.0,1,1,110792,,4.0,23.0,6.0,5.05,26.0,0.18,0.0,2.0,7.0,16.0,0.9,0.93,0.92,3.0,2.0,17.5,21.5,4.0
362,2,0,1,1,0,0,0,0,0,0,6.0,13.0,,4.25,13.0,0.66,1,100.0,2,10.5,12.5,1.06,0.81,2.45,5.0,3.0,1,1,111292,,24.0,4.0,4.0,5.05,13.0,0.18,0.0,1.0,10.5,12.5,1.05,0.84,2.43,5.0,3.0,,30.0,
363,2,0,1,1,0,0,0,0,0,2,0.0,25.0,3.0,4.25,18.0,0.18,0,75.0,2,10.5,12.5,1.06,0.8,2.45,4.0,3.0,1,1,111292,,14.0,7.0,2.0,5.2,4.0,0.13,0.0,2.0,10.5,12.5,1.01,0.8,2.43,4.0,4.0,15.5,19.5,4.0
364,2,0,1,1,0,0,0,0,0,3,3.5,20.0,3.0,4.25,13.0,0.12,1,,2,11.0,12.0,0.95,0.85,2.45,4.0,4.0,1,1,111492,,1.0,30.0,4.0,5.05,52.0,0.25,0.0,1.0,10.5,12.5,1.05,0.84,2.43,5.0,3.0,16.5,20.0,3.5
366,3,0,1,1,0,0,0,0,0,3,2.0,17.0,3.0,4.5,13.0,0.25,0,50.0,2,10.5,11.5,1.02,0.91,0.63,5.0,4.0,1,1,111892,1.0,1.0,19.0,4.0,5.05,13.0,0.25,0.0,2.0,10.5,11.5,1.01,0.9,0.63,4.0,3.0,13.5,14.5,1.0
368,4,0,1,1,0,0,0,0,0,1,0.0,20.0,3.0,4.25,13.0,0.15,0,20.0,3,10.5,12.5,0.89,0.86,0.95,2.0,1.0,1,1,111392,,0.0,25.0,2.0,5.05,19.0,0.15,0.0,1.0,10.5,11.5,1.0,0.85,0.95,2.0,2.0,13.0,14.5,1.5
369,1,1,1,0,0,1,0,0,0,1,0.0,15.0,4.0,4.35,18.0,0.12,0,87.0,2,7.0,15.0,1.17,1.06,1.17,3.0,2.0,2,3,120992,,0.0,0.0,0.0,,,,,,,,,,,,,11.5,0.0,-11.5
370,1,0,1,0,0,1,0,0,0,0,20.0,11.5,3.3,4.85,18.0,0.25,0,80.0,3,7.0,16.0,1.06,0.95,0.95,3.0,2.0,1,1,110792,,26.0,5.0,3.0,5.05,,0.1,1.0,3.0,7.0,16.0,,,,3.0,2.0,29.05,31.5,2.4499999999999993
376,1,0,1,0,0,1,0,0,0,3,4.0,10.0,4.0,4.5,13.0,0.1,0,,2,8.0,14.0,0.95,0.95,0.96,8.0,4.0,1,1,111792,2.0,0.0,17.0,3.0,5.05,15.0,0.2,1.0,2.0,8.0,14.0,1.26,1.01,1.0,3.0,3.0,13.0,11.5,-1.5
377,1,0,1,0,0,1,0,0,0,3,12.0,6.0,3.0,4.25,26.0,0.15,1,90.0,2,8.0,14.0,1.06,0.95,0.95,3.0,2.0,1,1,110792,,11.0,12.0,3.0,5.05,26.0,0.2,0.0,2.0,8.0,14.0,1.05,0.95,0.94,3.0,1.0,18.0,20.0,2.0
379,1,0,1,0,0,1,0,0,0,0,20.0,12.0,4.0,4.62,26.0,0.17,0,30.0,3,7.0,16.0,1.06,1.06,0.95,3.0,2.0,1,1,111792,1.0,28.0,6.0,3.0,5.05,52.0,0.15,1.0,1.0,7.0,16.0,1.06,1.06,1.06,3.0,2.0,30.0,34.0,4.0
380,1,0,1,0,0,1,0,0,0,0,10.0,15.0,3.0,4.5,52.0,0.2,0,50.0,3,7.0,16.0,1.06,0.95,0.95,3.0,2.0,1,1,110792,,15.0,14.0,3.0,5.05,26.0,0.13,0.0,1.0,7.0,16.0,1.05,0.94,0.94,3.0,2.0,20.5,25.0,4.5
383,1,0,1,0,0,1,0,0,0,3,6.0,4.0,2.0,4.5,26.0,0.25,0,30.0,1,7.0,16.0,1.15,0.95,0.95,2.0,2.0,1,1,111892,2.0,7.0,2.0,2.0,5.05,26.0,0.38,0.0,1.0,7.0,16.0,1.16,1.01,1.05,2.0,2.0,10.0,10.0,0.0
384,1,0,1,0,0,1,0,0,0,3,,,3.0,4.65,26.0,0.25,0,,2,7.0,16.0,1.06,0.95,0.95,3.0,2.0,1,1,110792,,0.0,30.0,3.0,5.05,26.0,0.1,0.0,3.0,7.0,16.0,1.05,1.05,0.89,3.0,2.0,,18.0,
385,1,0,1,0,0,1,0,0,0,2,16.0,14.0,3.0,4.25,,0.15,1,25.0,1,7.0,17.0,,,,3.0,2.0,2,1,120992,4.0,15.0,14.0,3.0,5.05,28.0,0.1,0.0,2.0,7.0,17.0,1.16,1.22,0.41,3.0,3.0,26.0,25.0,-1.0
386,1,0,1,0,0,1,0,0,0,0,0.0,19.0,3.0,4.25,39.0,0.25,0,,1,7.0,17.0,1.06,0.95,0.95,3.0,2.0,1,1,111692,,14.0,10.0,4.0,5.05,26.0,0.25,0.0,1.0,7.0,17.0,1.05,0.95,0.95,4.0,2.0,12.5,23.0,10.5
391,2,0,1,0,0,1,0,0,0,3,15.0,5.0,2.0,4.25,6.0,0.12,0,12.0,2,11.0,10.0,1.06,1.06,2.66,3.0,3.0,1,1,111492,2.0,12.0,7.0,2.0,5.05,,,0.0,2.0,11.0,10.0,1.05,1.05,2.64,4.0,3.0,19.5,17.5,-2.0
393,2,1,1,0,0,1,0,0,0,4,4.0,10.0,3.0,4.62,2.0,0.25,0,100.0,2,11.0,11.0,1.17,1.27,2.77,3.0,2.0,1,1,111792,3.0,18.0,4.0,3.0,5.25,13.0,0.25,1.0,1.0,11.0,11.0,1.16,1.26,2.75,3.0,2.0,12.0,23.0,11.0
396,3,1,1,0,0,1,0,0,0,1,24.0,16.0,4.0,4.87,9.0,0.37,0,10.0,2,6.0,17.0,1.27,1.07,2.13,5.0,3.0,1,1,111192,,8.0,30.0,3.0,5.4,26.0,0.1,0.0,2.0,7.0,16.0,1.11,1.05,1.05,5.0,3.0,36.0,26.0,-10.0
397,3,1,1,0,0,1,0,0,0,2,4.0,28.0,3.0,4.25,52.0,0.62,0,85.0,2,6.0,17.0,1.12,1.02,1.06,4.0,3.0,2,1,122892,9.0,6.0,15.0,3.0,5.05,52.0,0.24,0.0,2.0,6.0,17.0,1.17,1.06,2.11,4.0,3.0,21.0,16.5,-4.5
398,3,1,1,0,0,1,0,0,0,1,14.0,13.0,4.0,4.75,13.0,0.15,0,25.0,2,6.0,17.0,1.12,1.06,1.06,5.0,4.0,2,1,121092,2.0,25.0,15.0,3.0,5.05,28.0,,0.0,2.0,6.0,17.0,1.11,1.06,1.05,5.0,3.0,24.5,35.5,11.0
399,3,1,1,0,0,1,0,0,0,0,13.0,8.0,3.0,4.87,18.0,0.3,1,,2,6.0,17.0,1.27,1.04,1.12,7.0,3.0,1,1,111192,,18.0,18.0,4.0,5.05,26.0,0.23,0.0,2.0,7.0,16.0,1.26,1.08,1.05,7.0,4.0,20.0,31.0,11.0
400,3,1,1,0,0,1,0,0,0,0,16.0,15.0,3.0,4.5,39.0,0.5,0,50.0,3,6.0,17.0,1.2,1.06,1.06,5.0,5.0,1,1,111192,,8.0,24.0,3.0,5.05,41.0,0.15,0.0,2.0,7.0,16.0,1.17,1.01,1.05,5.0,3.0,26.5,23.0,-3.5
401,3,0,1,0,0,1,0,0,0,0,8.0,6.0,4.0,4.25,13.0,0.17,1,18.0,2,7.0,16.0,1.12,1.02,1.02,6.0,4.0,1,1,111792,2.0,5.0,27.0,4.0,5.05,26.0,0.15,0.0,2.0,6.0,16.0,1.12,1.05,1.05,6.0,4.0,15.0,22.5,7.5
402,3,1,1,0,0,1,0,0,0,2,11.0,10.0,3.0,4.75,26.0,0.25,0,20.0,2,6.0,16.0,1.12,1.02,1.06,4.0,2.0,1,1,111692,,17.0,5.0,2.0,5.05,26.0,0.13,0.0,2.0,7.0,15.0,1.11,1.05,1.05,4.0,1.0,19.0,21.5,2.5
405,3,1,1,0,0,1,0,0,0,3,6.0,17.0,3.0,4.32,26.0,0.12,0,57.0,2,6.0,17.0,1.12,1.02,1.06,7.0,4.0,1,1,111692,,1.5,15.0,3.0,5.05,26.0,0.15,0.0,2.0,7.0,16.0,1.12,1.01,1.05,6.0,3.0,17.5,12.0,-5.5
410,1,0,1,0,0,1,0,0,0,0,0.0,35.0,3.0,4.25,26.0,0.1,0,,3,7.0,16.0,1.04,1.12,1.02,4.0,3.0,1,1,111692,,0.0,35.0,3.0,5.05,26.0,0.1,1.0,2.0,7.0,16.0,1.19,0.98,1.01,4.0,3.0,20.5,20.5,0.0
411,1,0,1,0,0,1,0,0,0,1,0.0,36.0,3.0,4.5,26.0,0.1,0,100.0,2,7.0,16.0,1.16,1.02,1.09,5.0,4.0,1,1,111692,,4.0,36.0,3.0,5.05,4.0,0.13,1.0,2.0,7.0,16.0,1.15,1.01,1.01,5.0,4.0,21.0,25.0,4.0
412,2,0,1,0,1,0,0,0,0,0,0.0,17.0,2.0,4.5,,0.37,0,18.0,1,11.0,11.0,1.06,1.02,2.34,5.0,2.0,1,1,111292,,0.0,13.0,2.0,5.05,,,0.0,1.0,11.0,11.0,1.15,1.05,2.64,5.0,3.0,10.5,8.5,-2.0
413,1,0,1,0,0,1,0,0,0,0,0.0,36.0,5.0,4.25,9.0,0.5,0,100.0,1,6.0,17.0,1.12,1.02,1.06,4.0,3.0,1,1,110792,,0.0,20.0,3.0,5.05,26.0,0.13,1.0,1.0,7.0,17.0,1.11,1.01,1.05,4.0,2.0,23.0,13.0,-10.0
414,1,0,1,0,0,1,0,0,0,0,0.0,36.0,5.0,4.25,26.0,,0,45.0,1,7.0,16.0,1.06,0.95,1.11,4.0,2.0,1,1,111692,,13.0,9.0,4.0,5.05,26.0,0.38,1.0,3.0,7.0,16.0,1.15,0.95,1.13,4.0,3.0,23.0,21.5,-1.5
415,1,0,1,0,0,1,0,0,0,0,8.0,32.0,5.0,4.25,9.0,,1,65.0,2,7.0,16.0,1.06,0.91,0.98,5.0,3.0,1,1,110792,,0.0,38.0,4.0,5.05,52.0,,0.0,2.0,7.0,16.0,1.05,0.9,1.04,4.0,2.0,29.0,23.0,-6.0
417,1,1,1,0,0,1,0,0,0,0,4.0,28.0,3.0,4.25,13.0,0.2,1,90.0,2,7.0,16.0,1.05,0.94,1.07,4.0,4.0,1,1,110992,,13.0,17.0,4.0,5.05,26.0,0.15,1.0,3.0,7.0,16.0,1.11,1.09,1.0,3.0,2.0,21.0,25.5,4.5
418,1,0,1,0,0,1,0,0,0,2,30.0,15.0,4.0,4.25,26.0,0.1,1,10.0,2,8.0,15.0,1.02,1.01,0.52,4.0,3.0,1,1,110992,,0.0,35.0,4.0,5.05,26.0,0.15,0.0,2.0,7.0,16.0,1.03,0.9,0.59,3.0,3.0,41.5,21.5,-20.0
419,2,1,1,0,0,1,0,0,0,4,3.0,10.0,4.0,4.25,,0.5,0,15.0,2,11.0,11.0,1.06,0.85,2.34,4.0,4.0,2,1,121592,4.0,5.0,5.0,2.0,5.05,,,0.0,1.0,11.0,11.0,1.05,0.84,2.53,4.0,3.0,12.0,9.5,-2.5
421,2,1,1,0,0,1,0,0,0,3,20.0,10.0,8.0,4.62,4.0,0.37,0,10.0,2,10.5,13.0,1.06,0.85,2.34,4.0,2.0,1,1,111792,3.0,25.0,7.0,8.0,5.05,4.0,1.0,0.0,2.0,10.5,13.0,1.05,0.84,2.32,4.0,2.0,33.0,36.5,3.5
422,2,0,1,0,0,1,0,0,0,2,0.0,7.0,3.0,4.75,,0.25,0,,2,10.0,11.0,1.06,0.85,2.34,4.0,2.0,1,1,111492,2.0,5.0,10.0,6.0,5.05,,,0.0,1.0,11.0,11.0,1.01,0.84,2.32,4.0,4.0,6.5,16.0,9.5
423,2,1,1,0,0,1,0,0,0,3,2.0,10.0,2.0,4.95,13.0,0.5,1,33.0,1,11.0,12.0,1.06,0.85,2.34,3.0,2.0,1,1,111492,1.0,19.0,3.5,3.0,5.25,13.0,0.5,0.0,1.0,11.0,11.0,1.05,0.84,2.32,3.0,2.0,9.0,23.75,14.75
424,2,1,1,0,0,1,0,0,0,0,3.5,6.5,3.0,4.75,13.0,0.25,0,45.0,1,11.0,11.0,1.06,0.85,2.34,5.0,3.0,1,1,111792,1.0,12.0,3.0,4.0,5.25,19.0,0.5,0.0,1.0,11.0,14.0,1.05,0.94,2.32,5.0,3.0,9.75,17.5,7.75
426,3,1,1,0,0,1,0,0,0,0,3.0,33.0,5.0,4.25,26.0,0.15,0,75.0,2,5.0,19.0,1.18,1.02,1.06,5.0,3.0,1,1,111192,,5.0,25.0,3.0,5.05,19.0,0.25,1.0,2.0,6.0,18.0,1.11,1.05,1.05,6.0,5.0,24.5,20.5,-4.0
427,4,0,1,0,0,1,0,0,0,3,7.0,8.0,3.0,4.75,13.0,0.1,0,40.0,2,10.5,12.5,1.06,0.98,2.03,2.0,2.0,2,1,121792,4.0,0.0,35.0,3.0,5.05,,,1.0,2.0,10.5,12.5,1.11,1.09,2.07,2.0,2.0,14.0,20.5,6.5
428,4,0,1,0,0,1,0,0,0,2,0.0,33.0,3.0,4.62,13.0,0.12,0,100.0,2,10.5,12.5,1.06,0.98,1.06,2.0,2.0,1,1,111392,,10.0,24.0,3.0,5.14,13.0,0.1,0.0,2.0,10.5,12.5,1.05,0.89,2.11,2.0,2.0,19.5,25.0,5.5
